,words,x,y
0,The,6.7251215,-7.289937
1,Information,15.865219,-3.608966
2,Commissioner's,8.457073,3.1213365
3,Office,9.921427,-4.111456
4,('ICO'),4.1872873,1.6279142
5,"published,",12.611068,-1.8789861
6,on,1.1480225,-0.7905692
7,3,6.1076336,-4.590616
8,August,11.169386,2.9146583
9,"2020,",10.202471,2.098433
10,a,-6.2840576,-0.17852992
11,monetary,4.3160715,2.7319975
12,penalty,3.4235187,1.7339628
13,notice,-0.052701328,-1.0217135
14,in,-7.6427245,-2.1035388
15,which,-11.426504,-2.687022
16,it,-4.937839,7.3791127
17,fined,2.4662879,3.9213285
18,Rain,0.39674965,0.92975175
19,Trading,3.0487475,-0.29461154
20,Ld,0.22903797,0.88588375
21,"£80,000",1.7130636,-2.618287
22,under,-8.609429,-11.10733
23,the,-7.162384,-1.4716253
24,Data,8.417955,-11.460039
25,Protection,10.096642,-10.360309
26,Act,9.70972,-12.728079
27,1998,3.6589108,-2.7670188
28,for,-7.8897195,-2.666079
29,"making,",4.0485067,-2.5782619
30,between,2.909521,-2.7691588
31,1,5.893904,-1.283922
32,January,7.3266807,3.2353024
33,2018,5.3632345,-4.0982337
34,and,-8.048907,-2.9315019
35,29,5.8987374,-3.2135303
36,November,3.5824215,-1.9321891
37,"2018,",5.2175565,-3.616848
38,"270,774",3.0746446,-2.1998355
39,unsolicited,2.711122,-1.9523386
40,direct,0.60686845,-3.7285802
41,marketing,-3.5746145,-5.5963407
42,calls,0.068121836,-5.104566
43,to,-8.647495,-2.3489242
44,subscribers,2.1782947,-1.9185826
45,registered,2.2557824,-1.9473011
46,with,-8.0232115,-5.8138685
47,Telephone,2.5020802,-2.343507
48,Preference,2.6186085,-2.4877696
49,Service,5.0199027,-2.9576323
50,Ltd,1.4511207,-5.6872926
51,('TPS'),2.1427026,-2.8175988
52,without,-11.742568,-5.4269123
53,valid,1.2638291,-3.1569557
54,"consent,",-3.8795152,-6.7089314
55,violation,-0.2524282,-3.4902809
56,of,-6.37342,-4.7626376
57,regulation,-0.98295516,-2.9125447
58,21,0.6322313,-2.6194625
59,Privacy,9.311411,-4.934487
60,Electronic,2.3749967,-6.3539467
61,Communications,5.7651057,-8.293397
62,(EC,2.2629623,-1.4999578
63,Directive),2.0452085,-0.80374956
64,Regulations,0.64366436,0.09073751
65,2003,0.6745081,0.07606462
66,('PECR').,0.66353,0.096288905
67,In,3.302112,10.979663
68,"particular,",2.8745232,10.69825
69,ICO,4.1564207,8.094758
70,outlined,-0.9894371,10.834593
71,that,-8.007242,3.1124654
72,had,-6.07746,5.7256036
73,"sent,",7.934306,4.013987
74,8,3.6583421,2.2179084
75,"2019,",-0.47216207,2.5934362
76,an,-5.121416,8.511821
77,initial,4.195527,1.8907754
78,investigation,-3.760644,7.1966124
79,letter,6.8762355,3.095727
80,"RTL,",2.076324,3.2106283
81,"responded,",2.2174087,4.1690817
82,among,0.42680025,6.0789266
83,other,-6.359237,3.8791103
84,"things,",-7.6361055,2.04967
85,purchased,2.7363667,0.8252084
86,data,-10.48523,-1.956661
87,purposes,-11.063085,-4.261716
88,contract,1.3387377,-6.659137
89,from,-10.377604,-3.6141868
90,two,3.5889618,-3.8300037
91,third,-4.74812,-7.767397
92,party,-2.739707,-4.4414377
93,"providers,",-2.716594,-2.5059273
94,consent,-9.403039,-6.307661
95,was,-12.721528,8.864688
96,not,-14.856931,5.581925
97,"recorded,",-1.3659431,-0.16031767
98,any,-11.319408,0.9674204
99,due,-5.1462317,-3.0144663
100,diligence,-2.6501007,-1.9034519
101,checks,-0.56674993,-0.051085237
102,were,-10.65193,3.755854
103,thought,-0.14312789,-1.1810646
104,have,-13.573417,4.0329027
105,been,-12.666321,9.235327
106,carried,-6.8697505,-2.9661667
107,out,-9.229589,-5.27679
108,by,-7.998583,-7.739108
109,providers.,0.4055091,-2.0246346
110,"Furthermore,",-0.8655472,10.317527
111,noted,-8.913805,14.635817
112,RTL,-0.83109593,1.2825438
113,intended,-6.278996,0.05466956
114,implement,0.1809695,-2.0166752
115,measures,-2.8832574,-4.8877234
116,including,-10.95457,-0.78002346
117,options,-0.23830962,-2.877444
118,recording,-2.596816,-6.096922
119,staff,-2.275123,-1.9281514
120,training,-5.4619637,-6.2743993
121,software,-2.2755044,1.5851309
122,allow,-1.8240142,-2.3144605
123,TPS-screening.,-1.3177786,-1.0231296
124,assessing,2.2437296,2.7164094
125,"contraventions,",2.3673565,3.5676816
126,highlighted,-1.5882434,12.193782
127,did,-5.5313044,6.60767
128,consider,-3.342468,5.2251883
129,deliberately,-0.7276338,0.8075817
130,set,-6.886974,0.96191657
131,contravene,0.616468,0.10125579
132,"PECR,",0.5889036,0.438541
133,however,0.46228516,0.43142757
134,should,-7.977772,3.9161618
135,aware,-2.3054104,-1.0068383
136,its,-3.0701475,3.351423
137,responsibilities,-1.358406,-1.8760448
138,regarding,-3.1691725,0.22986944
139,taking,-2.1772776,-0.5395654
140,reasonable,-4.159857,-4.216091
141,steps,-1.6908065,1.6180227
142,prevent,-1.471252,-2.6212106
143,such,-13.443608,-8.510239
144,violations.,-1.05998,-1.6191072
145,calculating,2.9008906,2.8232622
146,"penalty,",2.0933912,2.6328535
147,factors,-0.3096681,1.087175
148,as,-12.381065,-2.6310506
149,ceasing,-0.34864625,-1.7170519
150,live,0.57390815,-1.995031
151,"calls,",1.9202894,-0.9354009
152,complaints,0.087838806,-1.5014629
153,received,-3.41262,-0.43306926
154,TPS,-0.519243,1.8226274
155,well,-12.007445,-3.519264
156,lack,-3.951832,-0.21217956
157,internal,-4.7145886,-1.6394783
158,suppression,-1.5064934,-1.0441761
159,list,-4.569859,1.0441359
160,stop,-1.1942244,-1.3468553
161,repeated,0.55664843,-1.6681964
162,same,3.1813605,-1.1258668
163,subscribers.,1.2202384,-0.85564834
164,As,2.6854196,5.138407
165,"result,",2.92562,2.844379
166,issued,6.610204,3.7223303
167,be,-12.228683,-0.56547093
168,paid,1.5803764,-4.826399
169,September,3.3321218,-3.7687194
170,2020,7.209544,-1.5551445
171,at,-2.7213101,5.500027
172,latest,3.4291844,2.290436
173,can,-5.9193196,2.6104012
174,reduced,-0.8422991,0.98484343
175,20%,-0.095691375,-0.75485796
176,"£64,000",0.29042345,-1.8065463
177,if,-6.8424826,-0.6813635
178,2,1.7594038,-2.3129718
179,promote,2.500677,-2.1443484
180,compliance,0.59061116,-4.9867754
181,PECR.,1.8793896,-0.57137895
182,You,3.8431551,3.3454921
183,read,5.889229,4.29064
184,here.,3.19604,5.1446958
185,OneTrust,2.6959343,-0.19892457
186,DataGuidance,3.7610474,-0.25742042
187,"confirmed,",1.623973,0.7307972
188,10,8.504327,2.717584
189,"('ICO'),",2.5344982,1.622199
190,is,-9.542389,0.31796464
191,investigating,0.4156386,0.029677626
192,Barclays,0.06688101,-0.60775775
193,employee,-6.580771,-7.262851
194,monitoring,-1.7177287,-4.5177274
195,tools.,-0.3971926,-2.5114124
196,spokesperson,1.5877774,2.43068
197,"said,",0.74510115,2.312065
198,"""We",0.5566261,2.3030121
199,ongoing,0.0032411204,1.2549611
200,relating,-4.0554757,-3.8590078
201,Barclays',-0.6685083,-0.6418331
202,alleged,-4.162237,1.5971372
203,use,-8.838802,-2.4683673
204,"tools.""",-0.32482383,-1.4038074
205,More,0.23761337,-0.2096426
206,"specifically,",-0.9294529,-0.08047041
207,"outlined,",0.82993376,0.5264743
208,"""People",0.59564775,0.8142388
209,expect,0.2491951,1.0408845
210,they,-8.379179,3.4402394
211,keep,-0.20106448,1.5592508
212,their,-12.970504,-5.7576046
213,personal,-13.426945,-1.9395934
214,lives,-0.728082,1.4255857
215,private,-4.470798,0.82803375
216,are,-10.887234,3.3079743
217,also,-7.2685976,-1.434088
218,entitled,-0.86019087,-0.0040068533
219,degree,-0.56454486,-0.70599675
220,privacy,-12.257203,0.28665125
221,workplace,-0.04524908,-1.0551399
222,[...],0.18421245,-0.66770965
223,If,0.21926452,-0.39229468
224,organisations,-11.076479,0.12039163
225,wish,0.2838436,-0.63508904
226,monitor,-3.594276,-0.158241
227,"employees,",-2.574462,-3.7850254
228,clear,-0.47321808,-0.47971755
229,about,-9.35038,-1.9795716
230,purpose,-5.6875243,-4.2918553
231,brings,-0.78991777,2.2339568
232,real,-1.2410544,-0.17318422
233,benefits.,0.16956928,1.1217855
234,Organisations,-0.6194958,0.18333752
235,need,-5.7202034,-3.538826
236,make,-2.8430166,-0.05161867
237,employees,-9.151167,1.6540806
238,"nature,",-1.5756897,-0.38641798
239,extent,-1.545205,-0.40145913
240,reasons,-1.3486744,-0.5567037
241,monitoring.,-0.4929511,-0.2522857
242,"""The",1.638873,-0.86321384
243,European,6.730113,-9.679691
244,Commission,10.853866,3.3611772
245,('the,6.4939027,-2.6527264
246,Commission'),2.7607424,-1.0134424
247,U.S.,2.9801784,-2.3981366
248,Department,5.8280473,-3.3096275
249,Commerce,6.8870254,-4.4783387
250,('DoC'),3.8834422,-1.861355
251,"issued,",13.415226,0.55636126
252,joint,2.174777,3.4840696
253,statement,5.3186693,2.5989144
254,announcing,1.6365657,3.328036
255,initiated,1.2229822,3.1199489
256,discussions,0.93943906,3.023502
257,evaluate,0.9994659,2.625837
258,potential,-1.7254672,0.02483643
259,enhanced,-0.0025670978,1.2474936
260,EU-U.S.,1.676586,0.48376024
261,Shield,2.4478106,-0.08144065
262,framework,0.24678966,-1.1866641
263,comply,0.7638118,-1.2353795
264,Court,1.5372702,-4.7739215
265,Justice,1.0515479,-4.50227
266,Union's,2.3232622,-4.8060803
267,('CJEU'),2.5824797,-5.2149177
268,judgment,3.1187997,-7.3932757
269,Commissioner,8.593519,-5.7737975
270,v.,3.1914644,-5.9528656
271,Facebook,3.069114,-5.701386
272,Ireland,3.2283118,-4.6076756
273,"Limited,",3.0562787,-3.719927
274,Maximillian,2.5616229,-2.7498715
275,Schrems,2.4192374,1.8297775
276,(C-311/18),1.801604,-2.070417
277,II,0.85469395,2.8042731
278,Case').,1.6530733,-0.49028575
279,DoC,2.0517237,2.0079157
280,recognised,2.359981,-0.3525357
281,vital,1.7188835,-1.3783319
282,importance,-0.6427126,-1.8101767
283,protection,-6.302277,-2.9550984
284,EU,-1.5753189,-3.5211322
285,"US,",-0.8954322,-0.9068296
286,significance,-2.2791953,-2.1839244
287,cross-border,0.5010404,-5.855062
288,transfers,-5.1462903,-0.08368592
289,citizens,-0.8205569,-0.5634619
290,economies.,-0.41174623,0.0010449558
291,"addition,",-0.38279817,13.533013
292,shared,-1.4321146,2.056835
293,commitment,-1.56397,0.6740454
294,rule,-2.4054298,0.33418134
295,"law,",-3.7095356,0.85410565
296,further,-3.2315724,4.0598984
297,deepening,-1.6808271,-0.101665735
298,economic,-0.64948654,0.8471463
299,relationship.,-0.3337353,0.08755945
300,Commission's,1.8626671,0.6388236
301,website,2.4846663,1.5786976
302,here,5.443612,4.068351
303,DoC's,2.135218,0.5654147
304,Norwegian,1.8880396,-2.3756137
305,authority,6.3009214,-3.528469
306,('Datatilsynet'),4.6391134,-0.1191248
307,"announced,",16.744884,1.0700424
308,order,1.8943006,-0.81365657
309,Order'),0.18384491,0.9638116
310,International,-0.2903158,-0.44021797
311,Baccalaureate,-0.63481694,-1.6004703
312,Organization,-0.89894915,-2.6242738
313,('IBO'),-0.9146759,-3.1674733
314,relation,-4.632097,-2.538445
315,grading,-0.9903791,-4.1119437
316,students,-3.1355946,0.17462297
317,based,3.393524,-1.1981668
318,historical,1.2499757,-2.6315806
319,former,1.2952677,-1.8231429
320,students.,0.9790331,-1.1856468
321,Datatilsynet,-3.5209653,9.461277
322,IB,1.6184974,2.921412
323,grades,1.1873087,3.3107953
324,correct,-0.5212491,3.2292445
325,because,0.72517926,-0.19743519
326,reflect,0.9603264,2.1729305
327,individual,-0.78832126,1.4388102
328,academic,-0.19366859,2.3949785
329,"ability,",-0.8572196,2.531542
330,thereby,-1.1977286,2.5988228
331,leading,-1.0207998,2.747907
332,"discrimination,",-1.9858094,3.552018
333,processing,-14.297992,2.4874828
334,line,-2.4355423,-0.45314652
335,expectations,-0.6519876,-3.135408
336,"subjects,",-1.0028484,-3.2128978
337,thus,-0.54395014,-4.408351
338,contradicting,0.97588336,-4.3913913
339,fairness,1.3118503,-4.306087
340,principle,-1.6933535,-4.4918084
341,General,3.707645,-9.196717
342,Regulation,3.3031347,-10.504738
343,(Regulation,4.054014,-5.3079963
344,(EU),4.791792,-4.3927917
345,2016/679),3.7769258,-2.1233509
346,('GDPR').,-0.004235669,0.33408841
347,place,-1.941211,-0.13760649
348,through,-6.42425,8.944431
349,this,-15.287514,4.6283374
350,system,-3.3031592,5.118183
351,may,-6.9440513,-1.9799942
352,lead,0.3425264,-2.817243
353,denial,-1.1782306,-1.6464624
354,opportunities,-0.73159647,-1.6425549
355,"that,",-1.3977318,4.727774
356,"case,",0.14619248,1.9822305
357,has,-4.566559,9.639864
358,adversely,0.84481454,2.7496674
359,affected,-4.6731653,6.559099
360,undue,-2.4283137,0.25750223
361,unjustifiable,0.089984275,1.1515008
362,manner.,-2.09931,1.2787844
363,On,1.0121126,1.0713297
364,"basis,",0.53954816,1.2998323
365,gave,-0.8024963,0.7005203
366,IBO,-1.5913849,0.31827116
367,opportunity,-3.6061258,-1.1928898
368,submit,-1.7914003,-0.79613584
369,comments,-0.7214828,-1.4639046
370,Order,1.496249,2.0533159
371,14,4.103784,-3.320392
372,stated,-0.685303,8.317655
373,following,0.93494326,-3.2357013
374,these,3.2491183,-1.961903
375,"comments,",2.0364413,0.6603408
376,final,4.385868,-1.6595541
377,decision,4.9526963,8.297774
378,will,-7.818258,4.184513
379,taken.,0.9014128,0.045423526
380,"announcement,",0.9788037,1.2629788
381,only,-4.797488,4.7026343
382,available,1.0960869,1.2485265
383,"Norwegian,",1.090968,0.9918618
384,British,2.5159702,-1.5847403
385,Dental,3.1097522,-1.8636683
386,Association,3.65993,-1.7867267
387,('BDA'),4.0468516,-1.4224517
388,"suffered,",3.9966102,-1.1739053
389,30,7.6874394,-3.4762197
390,July,10.205265,-0.4050818
391,"breach,",1.1697582,2.2693615
392,result,-0.85609716,1.3563854
393,sophisticated,0.6788914,0.2729811
394,cyberattack.,0.21772341,0.53413
395,BDA,3.0041256,3.9015925
396,announced,0.2163605,3.6316576
397,took,-3.311138,0.11433079
398,some,-2.4313953,-0.12618518
399,systems,-2.190189,-2.6694012
400,"offline,",-1.4076729,-1.4913602
401,"website,",-2.3344326,0.007825711
402,IT,-2.7128427,-2.2915883
403,team,0.50150067,-1.9792162
404,rebuilding,1.2961978,-2.149102
405,new,1.6511222,-7.1783595
406,"network,",1.5055974,-3.2649467
407,removing,0.84313655,-2.968842
408,risk,1.1798509,0.08583561
409,malware,0.28260753,-2.7918203
410,responsible,-2.6943882,-0.45566428
411,attack.,-0.82010114,-1.3956707
412,"present,",0.85137963,2.6987045
413,unsure,0.37490022,2.418948
414,what,-3.5040271,4.214882
415,information,-9.289581,0.20167658
416,"compromised,",0.2979293,0.7947112
417,although,-2.3687387,0.45765996
418,current,-1.225278,-0.10522367
419,evidence,0.54226816,1.0569115
420,suggests,0.7725547,0.8035842
421,extracted,0.43507797,0.9341772
422,relates,1.3811288,2.8765945
423,very,-0.2679075,-0.44177267
424,small,-0.19724429,-1.5808764
425,snapshot,-0.067845665,-2.2676208
426,total,-2.6197793,-2.2470846
427,stored,-5.260836,-1.1075122
428,servers.,0.9867887,-2.7595935
429,"Moreover,",-0.19103204,10.320719
430,informed,-1.1221961,1.7357676
431,members,-1.3777028,6.5404444
432,take,-4.6161084,1.825035
433,"precaution,",0.5461679,0.7803609
434,updating,-0.012972585,-0.47117946
435,passwords,-5.027057,-0.1719222
436,regularly,-2.9971983,-0.81089157
437,remaining,-1.7798874,-1.602221
438,vigilant,-2.1007726,-1.4603606
439,changes,-5.8952756,-1.271197
440,bank,-4.6932216,-2.0593824
441,"account,",-1.5703447,-0.4118245
442,investigations,-2.476287,0.034568295
443,revealed,0.9743965,2.0694015
444,redirecting,0.44933936,1.7826241
445,standing,-1.6899672,0.473023
446,orders,-1.8115354,-0.34352747
447,objective,-1.2458452,-0.73979074
448,announcement,1.4739578,0.6670036
449,Comptroller,2.833624,-0.89825696
450,Currency,3.1043766,-0.8258822
451,('OCC'),3.506949,-0.8160422
452,6,11.610179,0.14185782
453,$80,2.4774876,1.9748597
454,million,4.4148736,2.506505
455,civil,0.81177586,1.4084315
456,against,1.1264386,1.7158953
457,Capital,-0.23877884,1.0235889
458,"One,",1.2730086,0.28345585
459,"N.A.,",1.1801629,-0.11893028
460,One,-1.2347748,-0.62458605
461,Bank,5.3741665,-4.4373574
462,"(USA),",1.0971661,-0.4585062
463,N.A.,1.0274032,-0.42348713
464,OCC,1.8347027,4.7908173
465,fine,4.8994155,3.9622896
466,One's,0.47630823,0.28025696
467,failure,-1.735729,-0.9483479
468,effective,-2.1305525,0.21364278
469,assessment,-3.7552457,-3.8134181
470,processes,-1.6746805,1.976177
471,before,0.20165285,-2.1724048
472,migrating,-0.6632587,-1.3954803
473,significant,-3.8287048,-0.323486
474,technology,-2.681137,-1.8054954
475,operations,-2.4056191,-0.098367274
476,public,-5.1180983,0.3656442
477,cloud,-2.8778815,0.44488427
478,environment,-2.3064764,0.593597
479,correcting,-2.3459613,1.1076349
480,deficiencies,-2.7100587,3.9789808
481,timely,-3.0608468,2.0587502
482,identified,-4.982275,3.2202356
483,compliant,-1.6106769,1.9180224
484,12,-0.905131,0.83452183
485,C.F.R.,-0.28596982,0.5318827
486,Part,0.647624,-0.2543744
487,"30,",1.6428217,-0.40310293
488,Appendix,3.2697358,0.13328621
489,"B,",4.0272565,0.5462579
490,'Interagency,4.4979677,0.93729144
491,Guidelines,4.3070545,1.5545887
492,Establishing,4.372488,1.5836333
493,Security,4.079003,2.521652
494,Standards',3.374074,0.7755612
495,sound,1.5290241,0.6849079
496,management,-1.277471,-2.410122
497,controls,-2.1893835,-4.1125693
498,procedures,-4.238381,-3.934013
499,essential,-3.2898612,-1.7312225
500,banks,-4.926661,2.2378294
501,adequately,-5.9763613,-0.36027858
502,protect,-3.0868795,-2.4224799
503,consumers,-3.663453,-5.624822
504,safety,-2.5885127,-2.9092612
505,operation.,-0.708106,-1.6954879
506,press,3.7027695,1.6731422
507,release,3.95015,2.031967
508,UPDATE,3.011453,0.2068958
509,(11,3.7269187,0.033576123
510,"2020)

FRB",4.0137696,0.17029755
511,issues,3.8154874,0.15801884
512,cease,4.811726,-0.08859005
513,desist,4.0055943,0.044390902
514,"One

The",2.6381903,0.5560232
515,Federal,11.818841,-5.237582
516,Reserve,3.4173176,0.16309527
517,Board,5.870541,-5.5268526
518,('FRB'),3.8360841,-0.12356566
519,Order').,-0.6304075,0.9607478
520,FRB,1.0957212,3.035883
521,breach,-5.2644634,3.8521502
522,suffered,-0.41997865,-0.6519763
523,March,-0.83879596,-0.035267234
524,2019,3.0275943,-4.486909
525,involving,-3.6198409,-3.148124
526,credit,-2.140116,-1.7610606
527,card,-1.91125,-1.5354482
528,customers,-8.999155,-5.542213
529,applicants,-0.15067808,-1.0052751
530,products.,-0.10898741,-0.52670527
531,China,3.6283672,-1.8668026
532,Banking,3.231838,-0.44911608
533,Insurance,6.5820518,0.3213078
534,Regulatory,6.0218844,-1.171201
535,('CBIRC'),4.582161,0.21754125
536,5,13.486331,2.1236851
537,CNY,3.557398,1.0203497
538,(approx.,2.254327,1.181617
539,"€121,900)",2.8701847,-2.1395688
540,"Co.,",1.5237969,-3.7166417
541,Pacific,-0.4075261,-2.191037
542,('Bocomm'),-0.8120719,-2.1459992
543,failures,-1.9094902,-2.283671
544,provide,-9.913881,-0.13040513
545,customers.,-1.0845293,-0.56348187
546,CBIRC,1.2467647,3.204505
547,clarified,1.9287946,3.8667064
548,Bocomm,0.46685743,1.9124578
549,failed,-2.34356,-0.5405065
550,adequate,-2.3534822,-2.40934
551,mismanaged,-1.1553355,-1.2791976
552,outsourcing,-0.9923364,-0.89571637
553,customer,-10.157624,-4.165794
554,collection.,-0.76239276,0.6184855
555,CBIRC's,0.9819262,0.75015634
556,"decision,",1.0040755,0.7924008
557,"Chinese,",1.1126817,0.97058827
558,('FCC'),3.1348493,0.23870957
559,FCC,2.2459035,8.793348
560,"Commissioner,",3.3224633,3.6214986
561,Geoffrey,2.8072042,3.5036926
562,"Starks,",2.1760201,3.4525213
563,send,0.95036775,1.2974936
564,letters,1.9265766,4.248089
565,AT&T,-1.001416,1.1806494
566,Inc.,4.1571364,-1.2083768
567,Verizon,1.3963509,-1.5503024
568,inquiring,0.62228036,-2.7784178
569,into,-4.357242,6.1562443
570,practices,-1.1088574,-3.693713
571,aggregation,-0.13422237,-3.1358712
572,monetisation,-0.34095806,-2.7130287
573,sensitive,-2.4072614,-2.6007729
574,consumer,-3.0713992,-2.158574
575,data.,-5.6121416,-2.8554647
576,being,-4.61625,3.3997872
577,aggregated,-1.0773783,-0.1314682
578,monetised,-1.1494669,-0.22174236
579,advertisement,-0.9764333,0.06961858
580,placement,-2.7295334,-0.018978437
581,"purposes,",-0.9912802,0.85349256
582,used,-10.002978,-0.8860938
583,track,-1.7221154,-0.391316
584,consumers',-3.6409783,-1.0911163
585,locations,-1.4580207,-1.883731
586,protests,-1.0264918,-2.7937284
587,places,-0.7878468,-2.729708
588,worship.,-0.40770572,-2.527135
589,"respect,",0.9694576,3.5455275
590,Starks,-0.012741685,3.6372743
591,seeking,-0.47763535,3.5912201
592,Verizon's,-1.8677218,0.89141864
593,participation,-2.8080103,-0.5257668
594,real-time,-3.670119,0.6345271
595,bidding,-3.6913908,1.2163622
596,exchanges,-1.634875,2.5840976
597,mobile,-3.345039,3.9906912
598,"advertising,",0.16709602,1.3790002
599,requesting,1.6230606,0.9893374
600,details,0.5443506,1.1208683
601,each,1.2701683,-1.0721223
602,provider's,1.1313529,-1.5832465
603,policies,-1.3111378,-1.3601321
604,prohibit,-0.4897571,-5.18224
605,or,-12.779171,-3.4872262
606,minimise,-0.9832483,-3.1877112
607,tracking,-0.60487294,-5.233178
608,consumers.,0.15644468,-2.3208857
609,Specifically,1.6426227,3.133928
610,sent,2.4186125,7.170448
611,service,-2.9473152,5.5438786
612,providers,1.6653283,4.5261106
613,"ask,",2.5075824,2.501413
614,companies,-2.275862,5.236031
615,explain,-0.8758114,0.20989046
616,monetising,-3.5540893,-1.6060327
617,using,-7.6963463,-2.442679
618,advertising,-5.4735794,-1.3598839
619,advance,-3.1780925,-0.43770805
620,non-advertising,-1.2511152,-0.16769041
621,"objectives,",-0.87966484,-0.8377066
622,quantify,-1.2579744,-0.87033695
623,amount,-4.1526294,-2.1637702
624,US,-2.549666,-1.0244285
625,location,-2.249488,-0.48136464
626,distributed,-1.6221143,-1.6938686
627,"processes,",-2.2904513,-0.023824174
628,detail,-1.6385174,-0.20102213
629,"minimise,",-1.1326659,-2.4726388
630,"destroy,",-0.619429,-2.5979655
631,according,-0.12489679,-3.1797137
632,follows,1.771753,2.465023
633,bipartisan,0.448789,2.0901184
634,group,-0.0205259,3.830812
635,Congress,2.0623424,-0.71251357
636,sending,3.7822394,-0.71740836
637,Trade,8.4646225,-1.3469431
638,"('FTC'),",3.4490898,0.116742134
639,practices.,-2.5167868,0.19545382
640,"here,",2.9341478,3.9270089
641,French,1.6357169,-3.5839617
642,('CNIL'),4.15351,-0.21782807
643,7,9.984539,1.5414512
644,updated,5.581848,3.5185869
645,standard,1.2128814,0.41512367
646,Standard'),0.9281178,1.3559929
647,simplifies,-0.755337,-0.683465
648,conditions,-5.2371,0.24122117
649,accessing,-4.6752644,-2.6203659
650,permanent,-3.2980669,-6.2014213
651,representative,-1.688422,-4.9921846
652,sample,-0.80862,-4.8730555
653,population,-0.02474645,-4.2542887
654,('EGB'),0.54730123,-3.625504
655,protected,1.0750401,-2.2707536
656,health,-4.7251153,-2.6934938
657,insurance,-0.03967235,1.7329319
658,within,-1.3184639,-1.9372598
659,National,8.924376,2.9959707
660,Inter-Regime,3.6591854,0.7543069
661,Health,5.465822,-7.1856365
662,System,4.1301856,1.7911563
663,"('SNIIRAM'),",4.0968037,1.2030046
664,entry,-0.5261008,1.3985513
665,force,0.97273195,-0.75513166
666,Law,1.9874572,-6.688561
667,No.,5.113646,-8.686986
668,2019-774,1.4290143,-1.448859
669,24,3.498462,-1.6792642
670,Organisation,6.481215,-2.5784934
671,Transformation,6.104998,-3.3536274
672,System.,2.4384165,-1.1430703
673,update,1.6210955,-0.68810403
674,Standard,2.7072244,3.6985462
675,aims,2.5022993,-3.0042882
676,"Hub,",3.1115599,-3.618402
677,certain,0.00096916116,-2.394453
678,"conditions,",0.18440714,-2.5473745
679,access,-13.533191,-3.3130157
680,relevant,-5.1874657,-0.9116194
681,context,-5.4144936,2.1828997
682,activities,-6.2449136,1.2949052
683,present,-1.954919,1.0417776
684,low,1.012494,0.7064851
685,impact,1.6192248,-0.021972112
686,right,-1.8884873,-2.4087718
687,privacy.,1.6252493,-2.3870766
688,"Specifically,",1.8069593,3.7566068
689,specifies,-4.061713,2.1699839
690,include,-4.1554246,-1.926098
691,"research,",-1.4714726,-3.5572522
692,study,-1.2736675,-3.3090415
693,analysis,-1.6606797,-4.2593455
694,"sector,",-1.8043709,-0.38508725
695,serve,-1.784578,0.43596655
696,"interest,",-1.4212941,0.34014165
697,"EGB,",-1.704672,-1.5318224
698,SNIIRAM,-1.526419,-1.2531912
699,related,-5.101674,-1.8730237
700,datamarts,-0.79790944,-0.77037495
701,necessary.,-0.82329124,-0.14033033
702,highlights,-3.711859,10.580098
703,specific,-1.8249526,-3.5835195
704,"processing,",-8.1415615,-3.12668
705,neither,0.43761423,-2.3502104
706,opinion,2.739478,-0.28319845
707,Committee,4.108779,-3.9130292
708,"Research,",-0.2186878,-2.127887
709,Study,-0.1767876,-1.5225055
710,Analysis,-0.16576952,-1.1074959
711,sector,-3.4265928,-0.2976063
712,('CESREES'),-0.5541671,-1.6403129
713,nor,-1.6512883,-1.3749489
714,authorisation,-0.15258576,-1.8493587
715,CNIL,-6.2647514,-1.2191494
716,obtained.,0.4818434,-1.2028694
717,"with,",1.773287,1.9164686
718,benefit,-3.2252355,-1.5793498
719,simplified,-1.6750518,-0.8446254
720,"procedure,",-1.5280551,-0.69977546
721,includes,-0.54156005,-2.1861417
722,"care,",-1.2837244,0.1578127
723,comparative,-1.2333639,-0.4329095
724,"treatment,",0.14329253,-1.954604
725,description,-0.5228008,-1.5776083
726,patient,0.5825499,-2.35816
727,pathologies,1.5303751,-1.4367626
728,treatment,1.7329005,-0.8067577
729,plans.,1.3257929,-0.45097497
730,adds,2.0681238,2.2204344
731,manufacturers,1.9917852,2.1305025
732,working,0.17365113,1.4695104
733,required,-4.1070046,-2.6120672
734,collaborate,-0.65709746,0.0104174055
735,laboratories.,-0.10911053,-0.029857129
736,"Lastly,",1.1920431,3.2095692
737,where,-3.0844631,-2.0806546
738,"necessary,",-1.2050416,1.229446
739,period,-7.825703,1.7469647
740,accessed,-4.0548377,1.7611796
741,extended,0.0669195,0.11432629
742,once,0.52298063,-0.04500566
743,maximum,0.09595669,-0.16425037
744,months.,0.7002849,-0.22437115
745,both,-0.21968083,1.3487341
746,French.,0.09117532,0.9842643
747,Consumer,3.6049812,-0.9628377
748,('BEUC'),3.7781096,-0.1722629
749,report,5.4438567,2.6519501
750,Report'),4.2376003,0.50617075
751,year,2.3083947,-1.8017584
752,anniversary,1.7814622,-2.271603
753,('GDPR'),-1.0562884,0.95129275
754,focusing,0.4448923,-1.0483747
755,enforcement,-4.9013867,-3.588125
756,GDPR,-1.9538007,-5.2780375
757,perspective,-0.87642556,-2.625425
758,national,-1.5022953,-3.318592
759,organisations.,-0.103160664,-0.8746242
760,Report,1.0937339,6.0203767
761,seeks,1.0940458,1.3329046
762,show,0.38542524,0.95794606
763,effectiveness,-1.6056792,-0.7643665
764,application,-3.6797938,-0.45667285
765,harmonised,-0.12066921,-0.8646381
766,binding,-0.31107143,-0.84082305
767,administrative,-2.7151532,0.65597904
768,deal,-2.7538984,-0.5399099
769,cross,0.11985786,0.4334753
770,border,-0.2395107,0.49539
771,slow,0.04022429,-0.06309419
772,pace,-0.20699754,-0.5252925
773,proceedings.,-0.43604574,-0.5852932
774,makes,2.5036807,1.7383124
775,"recommendations,",3.0105681,1.5804203
776,establishment,2.8600178,2.1423428
777,"of,",-0.5651773,0.82292414
778,"others,",1.9288462,3.2225122
779,common,0.4656935,1.6519831
780,procedure,-1.6341429,-2.470979
781,handle,-0.5074589,-0.59315336
782,cases,-0.8246078,-5.0621862
783,"('EDPB'),",2.8143961,-5.7259116
784,support,-2.1861868,-6.995603
785,mechanisms,-3.8503575,-5.1463118
786,subjects,-6.0405807,-3.8287938
787,representing,-3.118129,-1.7354435
788,"them,",-2.8038392,-0.636691
789,would,-8.207154,-1.237057
790,considered,-4.7686167,-1.9705219
791,eligible,-2.775873,-1.6330708
792,represent,-1.9638108,-2.1977491
793,Article,-2.0462408,-9.259031
794,80,-0.28458452,-2.631714
795,GDPR.,-2.0079992,-5.234541
796,Merchants,1.5720767,-1.1193745
797,('CMB'),0.62064844,-0.7955948
798,reckless,-1.7837524,-0.35368332
799,applicants',-0.6023179,-0.39744747
800,information.,-1.7710737,-1.6942137
801,CMB,0.5392396,2.2324357
802,over,-2.35762,0.8538949
803,December,-0.44394726,-0.12745461
804,2014,-0.54765326,-0.78134227
805,May,2.3148115,-3.794688
806,2019.,0.89289325,0.21784645
807,Executive,5.1390333,0.9186353
808,Decree,4.878394,0.874332
809,49.265,3.3698251,0.24900414
810,Instituting,2.7182288,-0.81824434
811,State,6.0934725,-7.7770596
812,Policy,3.442158,-6.066014
813,Personal,9.122066,-12.30892
814,Branch,1.4253665,-0.51086533
815,accordance,-0.97248036,-2.7632322
816,13.709,1.8219367,-0.041509807
817,(as,0.84599215,-2.252407
818,amended,0.7672771,-1.7041336
819,13.853,0.6745358,-0.41566482
820,2019),0.63262266,0.36545876
821,('LGPD'),0.79431385,-0.057778724
822,Official,2.257114,0.39590055
823,Journal,2.435859,-0.045246337
824,Pernambuco.,1.7251236,-0.7960407
825,"49.265,",2.9894266,1.0547404
826,"LGPD,",1.6727779,-2.1862118
827,establishes,2.406175,-3.2015252
828,"('PEPDP'),",3.2155232,-3.4720736
829,outlining,3.6235926,-2.9093995
830,various,3.0357141,-1.2711765
831,"principles,",2.217673,-2.9144485
832,limitation,-2.144729,-3.5703015
833,complying,-2.378828,-3.5024092
834,security,-11.625706,-8.407908
835,"practices,",-1.5761938,-2.0354016
836,"necessity,",-0.6885417,-0.9713632
837,"transparency,",-0.048578434,-0.04955178
838,"accountability,",0.33897364,0.45761085
839,"non-discrimination,",0.089804016,0.789331
840,guaranteeing,-2.3606856,0.23119004
841,subjects',-4.6865473,-1.5873239
842,free,-4.533174,2.4093342
843,provides,1.2561932,0.2207527
844,definitions,0.46238035,-0.3095585
845,"data,",-6.983335,-2.6778364
846,outlines,-0.14542697,4.272762
847,governance,-0.7793798,-0.5152079
848,regulatory,-3.3384538,-2.8151877
849,powers,0.45227453,-0.42180744
850,PEPDP,1.8263416,-0.503557
851,approving,1.4702287,-0.8619894
852,rules,-2.9395888,-1.0428996
853,regulates,-1.6197075,-0.7054482
854,sharing,-3.557645,-1.4221649
855,"Portuguese,",1.134237,0.8053409
856,Gibraltar,2.5680563,3.4651248
857,Authority,7.487016,-2.6971984
858,('GRA'),2.6836367,0.22863133
859,Royal,2.5455947,2.6169722
860,Police,0.6508562,-0.29485157
861,"£5,000",0.2044125,-0.7701464
862,unlawful,-0.26381588,-1.5268339
863,disclosure,-5.6163435,-1.3961889
864,GRA,0.70941573,3.933142
865,contained,-2.4037883,0.44473615
866,pocketbook,-2.2633023,-0.1817886
867,entries,-2.2112005,-0.60566163
868,witness,-2.252369,0.44952738
869,accounts,-3.0478778,1.1783158
870,police,-0.52963334,3.0360951
871,subsequently,-0.89424205,1.5987334
872,wrong,-3.020038,1.1589191
873,recipient.,-0.28121215,-0.16847166
874,serious,-2.6338084,-3.1063673
875,criminal,-7.8082304,-1.7842654
876,prosecutions,-2.915722,-1.5413576
877,posit,-0.736598,-1.2305437
878,distress,1.4531864,0.09874235
879,"individuals,",1.5509796,0.7756314
880,"breached,",1.4605932,3.232966
881,obligation,-3.8773136,0.90773076
882,ensure,-4.840655,-6.3961554
883,processing.,-2.0680573,-2.0632226
884,download,1.5574614,0.99034566
885,United,2.4001331,-4.5900426
886,States,2.3281622,-4.259065
887,District,3.000044,-2.7946332
888,Northern,1.7923189,-1.635779
889,California,5.948882,-4.277636
890,San,2.1513941,-1.1718014
891,Jose,2.2808297,-1.1528529
892,Division,2.7716975,-0.7963814
893,Court'),3.2326057,-0.31221688
894,"granted,",3.6314065,0.008107876
895,22,3.3523998,0.27281374
896,approval,0.91803485,-1.9896159
897,Yahoo!,1.9903417,1.5758444
898,class,5.3097577,-1.7288265
899,action,-0.970396,-0.21605097
900,settlement,2.3847256,-0.6291919
901,company's,-4.3298626,-1.2740715
902,2016,-1.0937927,0.74742174
903,awarded,1.4060911,4.9491243
904,attorneys',1.7548193,3.1904795
905,"fees,",1.5997583,3.2173824
906,"costs,",1.3729955,3.142841
907,expenses,1.2547293,2.9179602
908,awards,1.1623058,2.1376512
909,representatives,2.8444388,0.8759566
910,who,-5.5626097,1.303406
911,brought,3.0297804,-2.4760485
912,suit,3.3623958,-2.3815312
913,behalf,4.0276804,-0.87221605
914,approved,2.3506207,-1.4537771
915,totalling,2.450513,0.115197375
916,$117.5,2.5806723,0.72626406
917,size,2.265839,-0.11521774
918,approximately,2.3648434,0.36387601
919,195,2.2963693,0.17956105
920,individuals,1.3010008,-0.4613339
921,re,2.1682627,1.7262961
922,Customer,0.8547134,-0.7741547
923,Sec.,0.6537765,-0.700106
924,Breach,0.35519543,-0.017979978
925,"Litig.,",1.1384434,-0.24397051
926,"16-MD-02752-LHK,",1.2871137,-0.20202684
927,Dist.,0.71023947,0.2664562
928,LEXIS,0.38128152,0.24275613
929,129939,0.41782784,0.19407883
930,(N.D.,0.38111502,0.26583195
931,Cal.,0.32163015,0.18789814
932,"22,",0.6146169,0.14779952
933,2020).,0.4578775,0.18124105
934,('NPC'),1.8775126,0.45920125
935,publication,0.32570142,4.4387126
936,decisions.,-0.584263,0.2714011
937,NPC,0.9822093,5.644894
938,now,-2.4453447,1.9931735
939,pseudonymise,-0.710029,1.5055853
940,"information,",-2.0290139,-1.1477778
941,address,-1.3237857,-2.905363
942,"names,",-1.9256463,-1.1749909
943,published,2.057797,1.6475103
944,online.,-0.7903207,-1.007839
945,enforced,-0.57163614,1.7663864
946,Advisory,0.76842546,-0.46402517
947,2020-01,1.2119579,-0.71564054
948,Protocols,2.0933845,-1.0900626
949,Publication,2.3302088,-1.3386993
950,"Decisions,",2.4057243,-0.8254769
951,Resolutions,2.0074835,0.031788882
952,Orders,1.7687436,1.9599996
953,"Website,",1.1219882,4.7970734
954,limit,-0.7379775,2.4765048
955,"cases,",0.16826008,3.7265978
956,"orders,",-1.9807525,2.3336573
957,resolution,1.3867778,2.834694
958,disposed,0.16258623,0.5518465
959,finality.,0.37540513,-0.68935907
960,World,2.6681614,-0.8397224
961,Economic,4.032478,-2.6193378
962,Forum,3.0544083,-0.6227607
963,('WEF'),2.8153777,-0.24231243
964,white,1.5746062,0.3583689
965,paper,2.6908634,0.08766209
966,Paper'),2.11473,-0.11481761
967,human,-1.7748984,-1.5172365
968,interaction.,-0.48356727,-1.0867292
969,Paper,2.4479063,2.9236104
970,focuses,0.13947463,1.7981344
971,challenges,-0.91463214,0.3182168
972,norm,-3.3814285,-2.9761124
973,collection,-8.493005,-4.9838367
974,goal,-1.1693639,-1.5711644
975,facilitating,-0.5538893,-1.4538574
976,redesign,0.24078432,-0.66047156
977,all,-0.987366,-1.3699743
978,aspects,0.18402609,0.76842296
979,"collection,",-2.5943727,-2.7117279
980,"use,",0.43004957,0.23754518
981,retention,-3.9550078,-1.9863086
982,disclosure.,0.30359375,0.7856691
983,discusses,1.9373351,0.4173668
984,topics,0.36416978,1.2118483
985,questions,-0.3994419,2.4570699
986,ethics,-1.1014868,-0.7362914
987,dynamic,-1.3070312,-4.1207285
988,proactive,1.2256104,-1.2298859
989,policy,-3.3122134,1.6474899
990,responses,2.8404562,-1.0409911
991,positive,0.26900277,-1.6194277
992,reinforcement,1.3238531,-2.0128021
993,manage,-1.3924093,-2.1881976
994,unpredictable,-2.297723,-3.2087486
995,reuse,-2.7835462,-3.3019443
996,demands,-2.2192802,-2.713117
997,rather,-1.6917217,-2.192123
998,than,-4.187452,-0.25094104
999,rooted,-0.287164,-0.47142017
1000,punitive,-0.33531675,0.13609813
1001,"approaches,",-1.9988352,0.33726376
1002,generally,-2.7759373,1.813852
1003,looking,-0.021814197,1.2868698
1004,how,-3.4406602,2.8010972
1005,encourage,0.24786843,0.045339312
1006,businesses,-1.4050024,-0.38465157
1007,improve,-1.2690877,-2.71199
1008,norms,-0.74290663,-4.3215094
1009,Michigan,2.5732954,-1.4825381
1010,Attorney,5.440191,-2.5893762
1011,"('AG'),",3.8157718,-1.0888358
1012,Dana,3.2149491,-0.3980796
1013,"Nessel,",3.5085042,0.27399036
1014,MODOK,2.887661,3.9392972
1015,"LLC,",1.7667038,2.537813
1016,California-based,1.5773259,2.3850832
1017,Voice,1.4538628,2.0506096
1018,Over,1.2901479,1.3823849
1019,Internet,1.1016555,0.7767706
1020,Protocol,1.0819399,0.6233788
1021,('VOIP'),1.2980101,0.3910855
1022,voice,0.6942541,1.9418619
1023,"provider,",-0.51978034,3.7919016
1024,agreed,0.19521795,2.6886425
1025,exit,0.777962,1.8130668
1026,VoIP,0.80203176,1.5663182
1027,telecom,0.87718093,1.4339436
1028,industry,1.0180397,1.1282498
1029,begin,1.2326683,0.92714626
1030,winding,1.1970618,0.9302896
1031,down,1.1155775,0.6515737
1032,operations.,0.920234,0.57670146
1033,conducted,-3.2844906,3.0201857
1034,illegal,-1.9321064,1.7415643
1035,robocalls,0.9786533,2.1613474
1036,Social,0.7247936,0.9234635
1037,Administration,-0.040551927,2.1949227
1038,scams,0.08699676,2.649486
1039,auto-warranty,-0.13800645,3.3844912
1040,"scams,",-0.39031947,3.9802809
1041,allegedly,-0.8460805,4.260495
1042,carrying,-0.5698857,2.8027942
1043,foreign,-1.3606899,2.273993
1044,robocall,0.8230898,-0.76061696
1045,traffic,1.02849,-1.4120321
1046,residents,2.4119756,-3.8127975
1047,Michigan.,1.6121116,-1.7631086
1048,('KVKK'),3.9716504,-0.83080274
1049,"made,",2.6965907,-0.3502558
1050,resulting,-1.8214276,0.47013733
1051,ransomware,-1.7739617,1.4929061
1052,attack,-1.4056987,2.163414
1053,Penti,-0.504848,2.123264
1054,Giyim,-0.32900912,2.592476
1055,Sanayi,-0.15672195,2.4860308
1056,ve,0.08115216,1.8128529
1057,Ticaret,0.6881445,0.8524345
1058,Anonim,0.810731,0.6332697
1059,Şirketi,0.9420749,0.11026996
1060,affiliates.,0.6202297,0.20625214
1061,KVKK,1.260644,3.7792203
1062,12(5),1.7948297,-1.4075778
1063,"6698,",0.936276,-2.7407837
1064,processed,-3.7897308,-1.0686744
1065,"illegally,",-0.7559501,1.2750918
1066,controller,-4.2166634,0.1300577
1067,notify,0.410731,1.7712687
1068,persons,-2.0058374,2.1112752
1069,KVKK.,0.003903203,0.3901397
1070,"affected,",-0.38418612,2.5750048
1071,communication,-3.7230527,-1.0628861
1072,identity,-2.234649,-3.284506
1073,"45,242",-1.2527828,-0.7180447
1074,continue.,0.12494209,1.053569
1075,"Turkish,",0.79871005,0.46426576
1076,Fair,3.173922,-1.1231887
1077,('OFT'),3.7035522,0.15153404
1078,4,11.527252,2.3242192
1079,Coordinator,2.6545584,1.290223
1080,anti-money,3.154747,0.86485916
1081,laundering,3.7433233,2.3931515
1082,combating,1.1122489,0.13664223
1083,financing,0.9609824,-0.40659526
1084,terrorism,2.2908013,0.7790678
1085,('AML/CFT'),2.3114483,1.3831336
1086,Risk,3.7822576,1.7675058
1087,Assessment,2.751527,0.46895263
1088,NRA'),2.1026645,-0.8047985
1089,AML/CFT,2.2626555,-2.5533152
1090,Gibraltar.,0.7565315,-0.9671027
1091,NRA,0.34684244,3.5342116
1092,identifies,2.1632304,1.9284873
1093,money,2.556716,2.2418966
1094,"('ML'),",1.7818363,1.2030615
1095,terrorist,0.8188043,0.75572777
1096,"('TF'),",1.2847158,-0.15370856
1097,proliferation,1.0224776,-0.5130028
1098,('PF'),1.3608465,-1.147795
1099,risks,1.1148098,-4.3414984
1100,vulnerabilities,1.9617382,-1.4984943
1101,while,-0.9767233,-4.4492292
1102,concentrating,2.2311912,-1.7572033
1103,sectors,2.092192,-1.6789389
1104,ledger,0.33854863,-0.6319976
1105,"technology,",-0.19431108,-0.55555224
1106,"gambling,",-0.74833596,-0.037697166
1107,"auditing,",-0.78904045,0.024578344
1108,estate.,-0.76178277,0.18784185
1109,OFT,0.50242007,0.99969894
1110,urged,0.14324829,0.46343192
1111,account,-1.5621979,-0.46568003
1112,ensuring,-0.91277677,1.9736011
1113,control,-1.193753,7.337142
1114,"prevent,",-1.5275998,0.07047337
1115,"detect,",-1.4853258,-1.0787399
1116,necessary,-5.0672703,-0.74391687
1117,disclosures,-1.1560333,-1.9934974
1118,law,-5.153084,-1.1702228
1119,agencies,-1.7923292,-2.1084638
1120,occurrence,-0.8206776,-2.621364
1121,"ML,",-1.0198365,-2.6100523
1122,"TF,",-1.3229086,-2.6151648
1123,PF,-1.1963938,-2.248251
1124,suspicion,-1.29994,-1.5306854
1125,same.,-1.1893893,-0.8670535
1126,executive,0.7056659,1.4626185
1127,summary,0.8355848,1.1163235
1128,Ministry,1.0993544,0.93912596
1129,Affairs,4.489785,-2.3375907
1130,Digital,6.5981436,-2.8086221
1131,Ministry'),3.206117,-0.7209248
1132,Statement'),3.029309,1.6352261
1133,COVID-19,-1.6152658,1.4838581
1134,('Coronavirus'),-0.3297627,3.7041223
1135,tracing,-1.3123387,3.599916
1136,app,-0.6913686,5.1450334
1137,('RadarCOVID'),1.6401322,2.1577258
1138,succesfully,1.7693386,1.2057472
1139,passed,1.7710664,1.013253
1140,trial,1.7282692,0.84430856
1141,"period,",-0.9175815,-0.73132807
1142,meeting,1.97548,0.4391333
1143,objectives,1.7822915,0.14871502
1144,set.,1.3694601,0.124562696
1145,RadarCOVID,-1.2527266,2.1270738
1146,high,0.19698772,1.3211921
1147,technical,-1.5073199,1.0352976
1148,standards,-5.072243,-3.0783074
1149,respects,-1.2140571,-1.7792511
1150,users,-6.022612,-2.7273555
1151,recommendations,2.3817565,-0.86346096
1152,made,-5.339862,-0.37359127
1153,regard.,1.2568825,-0.78174037
1154,cannot,-6.5090394,0.6284262
1155,located,-2.4434626,0.37942973
1156,decentral,-0.42734987,0.65916157
1157,detailed,1.6012765,2.4479017
1158,uses,1.0870618,2.9648952
1159,end,-0.46860653,4.1550035
1160,device's,-0.17241651,3.4410498
1161,Bluetooth,-0.5019552,3.210733
1162,"connection,",-0.7607429,2.8023694
1163,phones,-1.6235371,2.6077828
1164,emit,-0.42425507,1.3685696
1165,observe,-0.2928022,1.2637142
1166,anonymous,-0.33884445,1.1719038
1167,identifiers,-0.18823001,1.1844147
1168,change,-1.4263923,0.58210665
1169,periodically.,-0.7203932,2.3157415
1170,held,-3.4612045,3.4852931
1171,possible,-0.55792046,-0.5480128
1172,infection,-2.3579125,-1.4684325
1173,always,-0.40552217,1.2798133
1174,voluntary.,-0.07683211,1.0007882
1175,"Finally,",2.3381782,5.4244714
1176,next,0.6832808,1.463594
1177,step,0.82071614,1.5724597
1178,autonomous,0.7135792,1.3613858
1179,"communities,",0.5274163,1.5493826
1180,first,-2.9133246,1.9440691
1181,functional,-0.53455997,2.0434408
1182,version,-0.7609358,1.7373074
1183,tool,-0.9718665,1.1305012
1184,could,-5.570694,0.16147354
1185,ready,-1.0110682,-0.7472706
1186,launched,0.8604258,3.0011284
1187,mid-August.,-0.13089618,-0.60893756
1188,"Statement,",0.9940248,0.3734831
1189,"Spanish,",1.3249645,0.4890435
1190,Rhineland-Palatinate,1.0394595,-1.2310115
1191,('LfDI,2.1540554,-0.605907
1192,Rheinland-Pfalz'),2.2677307,-0.22302285
1193,calling,1.1911492,-0.107440576
1194,Law'),-0.20431603,-0.72475284
1195,collected,-4.62622,0.5665035
1196,contact,-2.7581437,2.4285784
1197,when,-3.6388867,-1.4749601
1198,visiting,-1.0419526,0.76215494
1199,"restaurants,",-1.3529406,0.71224564
1200,"hairdressers,",-2.1504154,0.455939
1201,games,-2.8023968,0.17513615
1202,libraries,-2.9472163,-0.03314547
1203,inappropriate,-1.5384377,0.32905388
1204,purposes.,0.12999268,1.3751037
1205,LfDI,1.4110966,3.2949262
1206,Rheinland-Pfalz,1.0384147,3.2381523
1207,does,-4.7072334,6.152958
1208,conclusions,-0.24605848,-1.4158249
1209,drawn,-0.024720797,-2.3128698
1210,leisure,0.4979814,-1.6201656
1211,time,-3.8305814,-0.40521884
1212,behavior,0.6230283,-1.1584506
1213,visitors,0.4143604,-0.50638396
1214,"customers,",0.07248821,-0.605995
1215,lists,-0.065203644,-0.6203702
1216,recently,-1.0587946,-2.1722417
1217,come,-0.9489583,-1.9688061
1218,fire,-1.517037,-2.8768618
1219,isolated,-1.2870802,-3.0749216
1220,authorities.,-0.69488806,-0.5164518
1221,"regulations,",-1.4022098,-1.6252227
1222,"bans,",-2.3496563,-2.0239947
1223,special,-2.4377542,-1.1103008
1224,"prosecution,",-2.5819466,1.9655598
1225,event,-0.9057521,-2.777769
1226,offenses,-0.9795964,-3.4307647
1227,condition,-0.4825501,-2.1677682
1228,procedural,0.38255793,-1.570564
1229,"guarantees,",0.82813764,-1.3517002
1230,judicial,1.3079983,-0.10396907
1231,legal,-5.563987,-5.0087724
1232,liberty,-1.4537657,0.11686749
1233,fundamental,-1.7287855,-0.3933207
1234,requirements,-4.2516756,-3.5035744
1235,accepted,-0.78561103,-0.008089805
1236,successful,-0.042106375,-0.2930008
1237,protection.,0.24633074,-0.32357287
1238,"German,",0.9418625,0.43833122
1239,Supervisor,2.6106489,-0.7624076
1240,('EDPS'),2.5476224,-0.83610874
1241,blogpost,3.0211847,0.33312497
1242,Blogpost'),3.2785249,-0.079839796
1243,quantum,-3.6620398,3.1648479
1244,computing,-0.46389067,1.8348475
1245,cryptography,-0.5318992,4.4611955
1246,highlighting,0.4721343,-0.5593978
1247,scientific,0.046730593,0.6186831
1248,developments.,0.207981,0.4521639
1249,Blogpost,1.9584563,5.691764
1250,explains,1.9574739,1.1393098
1251,"issues,",0.12920359,0.40751648
1252,computers,-1.9362389,1.7439742
1253,speed,-2.3452613,-0.77466244
1254,advantage,-1.2315007,1.6841326
1255,classical,0.22257069,1.3920724
1256,"outlines,",1.1420996,1.6184266
1257,implications,-0.41484246,1.0999207
1258,terms,-2.7405035,-1.7563447
1259,confidentiality,-1.5501994,-3.5869007
1260,communications.,0.044387292,-1.1248302
1261,notes,1.0742707,6.955271
1262,break,-0.40478605,1.096759
1263,"cryptography,",-1.1696589,1.3122705
1264,"thus,",-3.966457,-0.82714576
1265,undermining,-0.6947143,-0.5784611
1266,affecting,-0.75664854,-1.2980144
1267,core,-0.89465874,-0.5978385
1268,internet,-1.3633311,-1.0351326
1269,protocols.,0.02494793,-0.18244934
1270,quantum-safe,-0.59711736,4.692315
1271,"computers,",-2.1314013,0.41307372
1272,yet,-0.80434173,-0.24547823
1273,standardised,-0.17448452,-0.4205037
1274,"currently,",0.42136252,-0.36068168
1275,until,1.2529107,0.72669953
1276,transition,1.0398728,-0.31921774
1277,long,-0.5656976,0.67619675
1278,absolute,-0.34187445,-2.046115
1279,retrospective,-0.064088985,-2.1425924
1280,decryption.,0.080933586,-1.4069093
1281,Chilean,3.1058445,-1.7002171
1282,Transparency,5.029023,-2.5868878
1283,Council,3.629711,-1.3402859
1284,('CPLT'),3.3054059,-0.5281942
1285,Undersecretariat,2.068085,1.4470001
1286,Telecommunications',1.7844447,2.0504372
1287,('SUBTEL'),1.3808664,2.2231345
1288,request,0.089812696,4.6383467
1289,telecommunications,0.6649367,1.6967348
1290,disclose,-1.1511054,-0.3130562
1291,large,-1.7479534,-1.0441266
1292,amounts,-4.906681,-2.6292717
1293,SUBTEL.,-3.0581286,-3.195666
1294,CPLT,2.3077583,5.0160437
1295,SUBTEL,2.2822807,5.0779104
1296,delivery,0.5545793,-0.8444126
1297,carry,-1.0030755,-2.918577
1298,"study,",0.18768255,1.218094
1299,"secondly,",0.5257237,1.504982
1300,"company,",0.7313824,2.0460846
1301,after,-0.74682045,4.538332
1302,tender,0.27865198,1.7291181
1303,provision,-0.2859306,-0.32320696
1304,minimum,-3.0994978,-0.6884469
1305,"internet,",-1.4740525,-0.5620369
1306,collecting,-1.2846768,2.180016
1307,user,-3.0030758,1.0991436
1308,company,-2.9012249,4.031675
1309,install,0.2921951,1.7429917
1310,cell,0.70486057,0.5065968
1311,measure,-2.4858377,2.8931134
1312,"speed,",-2.5972373,0.9825899
1313,collect,-4.069147,0.63328975
1314,deliver,-2.9279969,0.31268167
1315,individuals',-7.0707016,-2.2972422
1316,principles,-1.2235242,0.73945755
1317,necessity,-0.6394472,3.144062
1318,proportionality,-0.92415637,3.3832204
1319,must,-5.854219,0.34456852
1320,"respected,",-1.6322016,1.0367595
1321,those,-2.26439,-0.6550184
1322,"only,",-1.2711493,-1.1727065
1323,19.628,1.5890313,-0.97361183
1324,Private,2.097512,-1.2629457
1325,Life,1.8355901,-0.9024393
1326,1999,1.6197706,-0.79307675
1327,Law').,0.389748,0.27462417
1328,international,-2.1039762,0.45391282
1329,"same,",0.3438574,-1.6257647
1330,initiative,-0.56117624,-1.2698151
1331,discussion,-0.87503105,-1.7066172
1332,"Parliament,",-1.0717274,-1.3352951
1333,modernise,-0.74896604,-1.0487436
1334,resolve,-0.74064463,-0.8906925
1335,gaps,-0.59793997,-0.8543725
1336,framework.,-0.06721781,-0.117177896
1337,"release,",0.66724885,0.76507336
1338,Hamburg,1.9508408,-2.9425802
1339,Freedom,2.8067079,-2.0764291
1340,('HmbBfDI'),3.4815319,-0.62108725
1341,federal,-1.0242772,0.15914753
1342,legislators,0.22161287,0.020128062
1343,HmbBfDI,1.1979588,3.4350564
1344,local,-1.2193482,2.234964
1345,authorities,-3.161159,1.613818
1346,able,-2.8475385,1.7191756
1347,massive,-3.0560584,-0.99011
1348,reserve,-3.2411706,-0.39113247
1349,aid,-1.5524807,-1.2273716
1350,fulfillment,-0.97436386,-1.1529732
1351,tasks,-1.6604593,-1.1412443
1352,"authorities,",-0.6408375,-0.13755752
1353,there,-4.330655,2.706339
1354,often,-0.88324076,-0.29691973
1355,knowledge,0.14753424,-1.0456302
1356,purpose.,-0.23477845,-1.3515397
1357,possibility,0.92298925,2.191975
1358,own,-6.111262,0.22516318
1359,largely,-1.9125386,-0.7500277
1360,unrestricted,-0.48881665,-1.0468868
1361,Code,1.632492,-2.9680688
1362,Criminal,2.7807841,-3.3241963
1363,Procedure,3.3890262,-3.5627713
1364,June,3.8195648,-3.7364628
1365,2017,2.927159,-1.7620503
1366,(implementing,1.9983528,-0.6367805
1367,GDPR),0.6721301,-0.011883859
1368,corresponding,0.032997712,0.2262087
1369,insofar,-1.4108597,-0.00598346
1370,determine,-2.4234157,-4.8915653
1371,punish,-2.9671965,-0.7717432
1372,offences,-2.402736,-0.30486405
1373,"offences,",-1.2505091,0.055102456
1374,proportionality.,1.0613366,-0.6751414
1375,Dutch,0.793695,-0.58713275
1376,('AP'),1.5501945,0.10125396
1377,results,1.8755193,1.0299832
1378,(',1.7598877,0.92342764
1379,Results'),1.8354418,0.93086636
1380,smart,0.2880685,0.81544775
1381,cities.,-0.017175356,0.65666145
1382,AP,1.7784057,1.0337954
1383,citizens',-1.641519,-0.45129076
1384,spaces,-1.9631574,-1.6890538
1385,technologies,-0.35981128,-3.114704
1386,"sensors,",0.040016998,-1.7791137
1387,part,0.8757912,-2.908794
1388,requested,0.4718352,-3.7797098
1389,Impact,2.279022,-2.8809285
1390,Assessments,2.6662138,-2.867563
1391,('DPIA').,2.603842,-2.5083883
1392,municipalities,-0.5959187,1.9484833
1393,clearly,-1.5558567,2.0659447
1394,indicate,-3.2819862,2.841992
1395,"processed,",-3.2083738,-0.6544678
1396,review,0.5851617,-0.12655617
1397,"DPIAs,",1.5266943,-0.6341019
1398,weeks,1.1901459,-0.7104758
1399,prior,-4.3842444,-1.7533265
1400,consultation.,0.3711276,-0.1508085
1401,expects,-0.64469457,3.8301384
1402,complete,-0.19666581,3.7123132
1403,"summer,",-0.6675675,1.4396588
1404,later,-0.66443557,1.3265166
1405,expected,-0.7327231,1.1775095
1406,pandemic.,0.03964205,1.0374416
1407,Results,0.5632189,0.70212096
1408,Dutch.,0.15985678,0.64795357
1409,Commissioner'),4.586555,-0.24306251
1410,"statement,",1.2025962,0.696306
1411,answering,0.9311751,0.5667208
1412,taken,-1.2564726,-0.8612531
1413,spread,-0.21468665,-0.33762327
1414,('Coronavirus').,0.19962448,0.21532549
1415,referred,3.5317562,1.1729487
1416,previous,2.9666557,0.6608028
1417,thermal,-0.06742521,0.52441263
1418,cameras,-0.20385467,0.882974
1419,allowed,-3.1891286,1.2981431
1420,basis,-2.0679345,-0.9966203
1421,pursuant,0.72677696,-1.6964291
1422,"('GDPR'),",-0.26147172,-0.95025414
1423,provided,-2.5985758,0.05509477
1424,minimisation,-1.5321898,-1.2869763
1425,fulfilled.,-0.904084,-0.24653938
1426,employers,2.0896552,-0.73236066
1427,conducting,2.2865741,-0.62579334
1428,diagnostic,2.456929,-0.33651087
1429,"tests,",2.259964,-0.34880668
1430,emphasised,0.64427423,1.8720852
1431,absence,2.1846209,-0.6443615
1432,decrees,1.6388253,-1.0301684
1433,circumstances,-1.0456156,-1.6600374
1434,tests,-2.2264924,0.1509918
1435,"out,",-2.0196724,0.8945951
1436,employer,-2.0425518,0.73271513
1437,oblige,-2.7187295,-0.30548206
1438,give,-1.5726876,-1.2338163
1439,"purpose,",-0.7374824,-1.020672
1440,employment,-1.1111648,2.3464193
1441,constitute,-1.601296,3.5618715
1442,expression,-1.4711764,3.3521883
1443,will.,-0.9394283,2.3280787
1444,"Greek,",0.70931447,0.45329353
1445,Inspectorate,3.0066187,-1.3217803
1446,('VDAI'),3.2576475,-0.8983765
1447,consultation,0.832048,-0.52919656
1448,Description'),-0.80205536,-1.5895022
1449,submitting,-0.47325101,0.96936834
1450,requests,-9.596503,-6.5020533
1451,controllers,-5.583718,-1.4601805
1452,Binding,-0.638387,-1.9453572
1453,Corporate,-0.24705836,-1.4353133
1454,Rules,0.31904584,-1.0374807
1455,('BCR').,1.0940111,-0.1385259
1456,Description,1.033799,2.4504454
1457,applies,-0.23255481,-0.1194912
1458,countries,-1.1380334,-1.6730169
1459,Articles,0.5247321,-2.4242468
1460,46(2)(b),0.70483804,-2.015593
1461,47,0.84791356,-1.9221485
1462,but,-6.23056,0.5842387
1463,processors,-2.2999635,0.32557985
1464,do,-7.3412485,0.1707899
1465,belong,-0.1957315,2.3420653
1466,submitted,2.9849343,0.6200942
1467,BCR,1.1277902,1.845674
1468,approval.,1.2752385,1.2451024
1469,"covers,",0.99818057,1.6568484
1470,obligations,-1.1614324,0.8412807
1471,VDAI.,-0.22561446,-0.91318274
1472,Comments,-0.15302128,1.6656337
1473,p.,-0.27671906,1.1358693
1474,[email,1.5029266,0.13283882
1475,protected],1.8204714,-0.020368876
1476,18,1.1082784,0.04250968
1477,2020.,3.3866339,-0.105162695
1478,Lithuanian.,0.20428273,0.38302177
1479,New,4.981174,-1.6335522
1480,Zealand,5.7418427,-0.6155892
1481,('OPCNZ'),5.512983,0.7358489
1482,"released,",7.998716,1.1517816
1483,blog,1.2191631,1.1536661
1484,post,1.7230748,1.0087805
1485,light,-1.4660778,-1.9624176
1486,OPCNZ,2.4701302,6.447103
1487,Case,-0.75578487,2.2054553
1488,directly,-2.3611357,0.41318646
1489,affect,-2.1334445,0.25939566
1490,existing,-0.55647624,-0.66293675
1491,adequacy,-0.19865088,-2.0267818
1492,since,0.47071573,0.992722
1493,2012.,0.20078658,0.8184045
1494,"However,",0.6973722,2.5523543
1495,influence,0.45339075,1.350932
1496,likely,-2.2211664,0.77130663
1497,flows.,0.19060546,0.49849737
1498,consideration,-0.9379401,0.4400383
1499,developing,-0.17682818,-2.2595766
1500,model,0.69492817,-1.9273565
1501,clauses,1.5384834,-2.5350177
1502,limits,0.95480305,-0.90249425
1503,12.,-1.1084756,-0.9035279
1504,"Congresswoman,",3.4954884,1.2104553
1505,Anna,3.5254853,1.1486286
1506,"Eshoo,",3.6407137,1.1010579
1507,along,3.2098958,1.6596267
1508,Members,2.9713311,-0.51055586
1509,"legislators,",2.0493088,-0.8016109
1510,Letter'),5.2375965,-2.10343
1511,Motor,1.4891685,-1.285544
1512,Vehicles,1.5419301,-1.1159651
1513,('DMV'),1.4452419,-0.80157536
1514,Letter,2.8138356,2.535254
1515,expresses,2.3134878,2.8000054
1516,concern,3.4910407,4.5850635
1517,"about,",2.3341026,2.3691804
1518,DMV's,-1.3020036,0.1430724
1519,enable,-4.181941,-0.76808524
1520,invasive,-0.65528077,-1.2711666
1521,biometric,-2.6868312,-5.1458917
1522,"policing,",-0.15971841,-1.5181059
1523,reports,-2.9042425,-1.2554035
1524,sale,-2.0143976,-2.1378436
1525,parties,-4.2013965,-2.2033777
1526,"knowledge,",-2.148525,-1.6828281
1527,opt-out.,-1.0704157,-0.5499867
1528,"such,",2.0270228,3.781394
1529,poses,1.490803,1.2278438
1530,DMV,-2.0842745,-0.92333066
1531,types,0.70809317,-0.20948565
1532,disclosed,-5.056899,-0.8862387
1533,drivers',-3.6845474,-0.17255399
1534,past,-1.9124802,-0.2031559
1535,three,-1.597233,-1.2719463
1536,"years,",-3.4495912,0.58240795
1537,whether,-4.025736,-0.46120605
1538,sold,-6.6986055,-1.3832572
1539,otherwise,-1.6040046,-0.012084328
1540,debt,-1.7129147,-0.19569023
1541,"agencies,",-1.5990365,-0.102187365
1542,"investigators,",-1.7371855,-0.14593425
1543,"brokers,",-1.3632487,0.2308637
1544,agencies.,-0.07236846,0.28593636
1545,asks,0.5607641,2.7410946
1546,photos,-1.1140485,0.8124773
1547,"federal,",-0.7428131,0.8621849
1548,"state,",-0.4413851,0.765299
1549,given,-1.6172254,1.1790675
1550,database,-1.455372,-0.46216282
1551,"photos,",-1.4545903,1.100752
1552,fields,-1.3171208,1.7071729
1553,"parties,",-0.63535595,-2.4840221
1554,honour,-1.7448938,-1.5247742
1555,questions.,0.9708067,0.8780573
1556,Financial,5.780274,-2.7020073
1557,Services,1.792409,-2.1638258
1558,('FSC'),3.0401096,-1.8115641
1559,Supervisory,3.8380535,-1.0020263
1560,('FSS'),4.0527267,-0.2324363
1561,"jointly,",3.036511,0.1524449
1562,guidance,2.3915727,-2.6566083
1563,pseudonymisation,1.0270263,-2.3353229
1564,anonymisation,0.47615683,-2.3970408
1565,financial,1.6340327,-2.449675
1566,Guidance'),0.51437765,-0.93778986
1567,period.,0.6305211,1.1829201
1568,FSC,2.0688963,1.5435051
1569,Guidance,0.6388909,2.5366318
1570,revisions,1.8616378,-4.5759506
1571,Credit,4.970624,-4.611425
1572,Use,3.1569872,-3.4631379
1573,Act.,1.8032254,-0.8534201
1574,statements,0.5457931,0.33744806
1575,FSS,1.2396687,0.50733054
1576,Korean.,0.0850518,0.44647104
1577,Spanish,1.4190782,-0.42697215
1578,('AEPD'),2.472981,0.28697294
1579,23,3.9577677,-1.8438838
1580,Resolution'),2.2379773,1.0523778
1581,fining,4.0035334,2.6347682
1582,Just,2.2273095,3.9975326
1583,"Landed,",2.5545135,0.94558674
1584,SL,3.8639967,1.0555542
1585,"€3,000",3.9093034,0.72670555
1586,violating,5.1517677,-0.92732763
1587,Directive,2.944509,-0.31363517
1588,(Directive,0.47225013,0.26314798
1589,2002/58/EC),0.44757614,0.2544962
1590,ePrivacy,1.9743652,-1.4425093
1591,Directive'),0.7753136,0.53137326
1592,cookie,0.49712536,1.0866631
1593,"policy,",-0.38793775,1.7604728
1594,expressing,0.90795135,-0.1880261
1595,warning,0.9218374,-0.361571
1596,13,1.032564,-4.4448953
1597,Landed's,1.1967319,3.130468
1598,policy.,-0.27904853,0.32953423
1599,AEPD,2.3413994,5.106303
1600,one,2.0780206,5.3945713
1601,"pages,",1.0073658,1.3260194
1602,no,-4.542837,0.33353567
1603,"English,",-0.31686774,1.0051049
1604,despite,0.20751351,1.0606999
1605,entity,0.7498575,0.9552784
1606,territory.,1.2062374,-0.017170483
1607,banner,-0.51397175,-0.12765734
1608,cookies,-4.1827083,-0.23783788
1609,"page,",-0.57933176,0.061500788
1610,link,-1.3673819,-0.16009259
1611,mechanism,-3.0368192,1.4113787
1612,allows,-1.6660563,0.51624215
1613,"accepting,",-1.1973727,-0.94567996
1614,"rejection,",-1.2047837,-1.1481502
1615,installation,-2.3326156,-0.57222015
1616,"cookies,",-2.7914693,-0.28348988
1617,loaded,-2.7959652,0.50713646
1618,action.,-1.4038368,0.34442946
1619,offence,0.79232323,0.19848303
1620,'slight',0.76619023,0.028777065
1621,38(4)(g),0.63637096,-0.7523378
1622,"Directive,",1.2663262,0.2104721
1623,criteria,2.354723,0.43613824
1624,listed,2.6871862,-0.16312884
1625,40,2.6154244,-1.2104368
1626,Directive.,1.4268917,-1.0677423
1627,websites,-0.0031297205,1.8013494
1628,English.,-0.16821691,0.9859281
1629,"Resolution,",0.1854568,0.20666307
1630,Monetary,2.6833878,-1.8608508
1631,Singapore,3.4299808,-0.8326886
1632,('MAS'),2.9847052,-1.25982
1633,enhancing,1.6280493,-1.8856016
1634,enterprise-wide,2.098882,-0.20610256
1635,assessments,-0.8520744,1.5756482
1636,('AML'),1.7061759,0.030965256
1637,countering,1.6666589,0.0149208335
1638,('CFT').,0.9101016,-0.05744485
1639,number,1.7655038,0.37498963
1640,institutions,-0.126182,-0.79835796
1641,develop,-0.2856118,2.1294584
1642,systematic,-0.20919251,0.03251235
1643,methodologies,-0.18535855,-0.35158125
1644,effectively,0.33644733,-0.434763
1645,identify,-1.5367593,-0.2637453
1646,analyse,0.8533064,-0.48539504
1647,inherent,1.0448153,-0.5382465
1648,"risks,",1.2157004,-0.95645255
1649,assess,1.5139905,-0.9218185
1650,"controls,",-0.65818447,-3.6461484
1651,residual,0.74981457,-2.9501793
1652,additional,0.1135371,-2.9260588
1653,mitigating,0.21245341,-2.9881186
1654,risks.,-0.86244965,-1.9020841
1655,perform,-1.1442513,3.1958978
1656,testing,-0.56625867,2.0025077
1657,"manner,",0.014547256,1.628522
1658,incorporate,0.39640072,1.3157454
1659,addressing,-0.1948926,-1.1730676
1660,Decision'),3.2618976,2.5503628
1661,proceeding,2.2665055,1.4126382
1662,"PS/00092/2020,",2.6520321,1.4385515
1663,GROW,3.7726953,2.8167999
1664,BEATS,2.706796,2.4569542
1665,layer,-1.7335225,1.4566765
1666,contain,-1.0613916,1.732299
1667,second,-0.7573786,0.0022860975
1668,characteristics,-1.140887,0.9932141
1669,"installed,",-2.2964141,-0.0022478157
1670,remain,-1.4387165,2.1831808
1671,active,-1.2650245,2.248789
1672,terminal,-0.69203275,2.428344
1673,equipment,-0.23022932,2.4492054
1674,user.,0.42225742,1.2476592
1675,insufficient,-0.9005333,1.7300895
1676,"management,",-0.98226774,0.7719033
1677,established,-1.5838437,3.6598277
1678,reject,0.23034623,1.192471
1679,cookies.,0.6417454,0.20170169
1680,decided,0.69953555,1.1470916
1681,"€3,000.",0.15398523,-0.58123803
1682,"Decision,",1.00903,0.32471192
1683,Institute,3.8462257,-1.9098417
1684,Standards,3.1393032,-0.46346837
1685,Technology,4.282062,-1.2437896
1686,('NIST'),3.1503608,-0.00547434
1687,Informative,3.5680318,1.9549186
1688,References,5.222472,0.5493808
1689,('NISTIRs'),2.713659,0.027732786
1690,Cybersecurity,3.6720078,0.50803167
1691,Online,3.2476633,0.09126059
1692,('OLIR'),3.5692813,0.851749
1693,"Program,",3.6650472,1.2533958
1694,Draft,3.4564292,5.847904
1695,(2nd),2.2896855,3.164569
1696,NISTIR,2.6728895,5.3186526
1697,"8278,",1.0961353,1.328265
1698,"8278A,",0.8904024,1.2033414
1699,comment.,0.3304139,1.0239104
1700,NIST,2.7457092,3.7894323
1701,8278,1.1827605,2.0924757
1702,"describes,",1.1158468,1.6121094
1703,OLIRs,1.6656514,1.1385664
1704,OLIR,1.2483605,3.0819643
1705,benefits,3.0327039,0.4232254
1706,"OLIRs,",3.2208257,0.0041724844
1707,introduction,2.929129,-0.09038426
1708,Framework:,2.106255,-0.06106444
1709,A,2.0299716,-0.025486365
1710,Tool,2.0060995,0.093468875
1711,Improving,1.774549,0.16757058
1712,Enterprise,1.5234511,0.75583404
1713,Management,1.7036542,1.3065177
1714,v1.0,1.6598682,1.3997203
1715,focal,1.6386884,1.4091132
1716,document,1.4621553,1.2633164
1717,template.,1.2294356,0.80784446
1718,8278A,1.2660024,2.675639
1719,instructs,0.72922254,2.44364
1720,developers,1.0325557,2.5071962
1721,Focal,-0.23608176,1.4188762
1722,Document,-0.033705767,1.231737
1723,spreadsheet,0.3771673,0.9454079
1724,Reference,0.7734291,1.6116761
1725,included,-3.685348,2.41248
1726,Catalog.,0.34329647,1.415743
1727,drafts,0.45606872,1.0138218
1728,Australian,1.6421036,0.5624198
1729,Government,1.0352409,3.6612732
1730,Strategy,2.5468943,5.572186
1731,Strategy').,1.1007587,0.52558094
1732,Australia's,3.5809448,1.1859808
1733,approach,1.5478557,0.41462886
1734,keeping,1.0466223,0.20962632
1735,critical,-1.4038179,-1.8889306
1736,infrastructure,0.24578866,-3.1092453
1737,secure,-0.0037129642,0.8495113
1738,Cyber,1.278669,2.7989683
1739,Enhanced,0.23761822,2.206302
1740,Situational,0.22666276,1.668861
1741,Awareness,0.42716685,0.9831884
1742,Response,0.5347012,-0.044298336
1743,package,0.55559665,-0.6529345
1744,strengthen,-0.68512976,1.5062326
1745,cybersecurity,-3.0779514,3.3926988
1746,"capabilities,",0.18701483,-0.3437287
1747,"businesses,",0.09674424,-0.8873304
1748,raise,-1.2257503,-2.723111
1749,community's,0.20806804,-1.0180079
1750,awareness,-0.77858907,-2.851022
1751,issues.,-0.44570288,-1.4193251
1752,consult,1.1621399,1.1628855
1753,legislative,-1.7270842,-0.8224695
1754,baseline,-1.4812285,0.71130395
1755,role,-0.4846829,-0.52489793
1756,"privacy,",0.58236986,-1.7237692
1757,"laws,",0.37682778,-1.3113871
1758,"directors,",-0.60128987,-0.5631394
1759,business,-1.2752961,0.447958
1760,entity's,-0.70966274,0.7770114
1761,"duties,",-0.7551722,0.62755394
1762,manufacturer,-0.6660622,0.2852247
1763,internet-connected,-0.091665156,-0.3232481
1764,devices.,0.2664663,-0.3304251
1765,Government's,-0.06976627,2.074893
1766,intention,0.100834735,2.0869706
1767,enforceable,-1.1386633,0.33740512
1768,designated,0.33715242,-0.97046983
1769,entities.,0.62055683,-0.6882705
1770,Central,2.3976252,-1.1091026
1771,Malaysia,3.6962714,-0.98130995
1772,('BNM'),2.368881,-0.7631657
1773,launch,2.5889213,0.13128743
1774,FinTech,3.6317277,2.653453
1775,Booster,2.9418085,0.36061716
1776,program,2.4544797,0.2357656
1777,Program'),1.9389185,-0.2794329
1778,developed,0.21066944,-1.6448934
1779,collaboration,2.0900004,-0.7282054
1780,Economy,2.4863324,-0.29254583
1781,Corporation.,1.6072292,-0.7638121
1782,BNM,1.9637725,2.7104647
1783,Program,2.3881643,3.817162
1784,meant,0.74840033,2.1155953
1785,help,1.4020789,1.18068
1786,meaningful,1.0682536,0.21734649
1787,innovative,-0.61896604,-0.3962895
1788,products,-0.40963504,-2.6534972
1789,services,-0.64825636,-1.113914
1790,understanding,0.49990875,-2.2502894
1791,requirements.,0.2798137,-0.9527137
1792,participate,0.3783694,1.1283853
1793,sessions,0.827135,0.97410494
1794,clinics,0.24650648,0.7099135
1795,covering,0.016046612,0.739526
1796,"including,",-0.8353458,0.92385656
1797,"cybersecurity,",-1.2583984,0.356832
1798,"governance,",-2.9274187,0.6286763
1799,centralised,-2.1835625,0.74457514
1800,hub,-1.4596999,0.7112595
1801,"consultants,",-1.1823953,1.2275208
1802,"advisors,",-0.5531069,1.1927382
1803,solution,0.29249892,0.88812727
1804,tools,0.18579346,0.10677617
1805,services.,-1.620352,-1.3783903
1806,Leaders,0.51583123,-0.08226619
1807,Senate,4.1395097,-2.9041102
1808,"Commerce,",1.772235,-1.3607029
1809,"Science,",1.9152691,-1.514546
1810,Transportation,2.46465,-1.5190172
1811,House,1.9869257,-0.6677783
1812,Energy,2.1937082,-0.13297088
1813,"Secretary,",3.0780263,-1.4517325
1814,Wilbur,3.120851,-1.5329403
1815,"Ross,",3.0406325,-1.0803592
1816,('FTC'),1.578713,-0.25268528
1817,"Chairman,",1.0489228,-0.3457537
1818,Joseph,1.1128227,-0.92042804
1819,Simons,1.3170995,-1.3159851
1820,EU's,0.935297,-2.1473022
1821,urges,1.9660738,-0.30263796
1822,cooperation,1.2197703,0.19289356
1823,counterparts,0.48384005,-1.384695
1824,interim,0.13941617,0.29654452
1825,assist,-0.20326881,-0.4485128
1826,Case.,0.3290897,0.5651466
1827,Polish,0.9345296,-0.22983365
1828,('UODO'),1.3169416,0.08674882
1829,"August,",2.4222608,0.22734934
1830,issue,-0.12311294,1.7690822
1831,reprimand,-2.4975817,3.5170388
1832,secondary,-1.6368468,1.5023009
1833,school,-4.841225,0.81117475
1834,students',-2.604572,0.032240793
1835,connection,-2.3031015,-0.1802805
1836,questionnaire,-3.5502167,-1.9342198
1837,require,-2.7058055,-3.4959805
1838,psychological,-0.4490022,-0.51570404
1839,attend.,-0.5053598,-0.2452005
1840,UODO,-0.3639088,3.145346
1841,contrary,-1.4165343,-0.06967156
1842,6(1)(c),-0.40347487,-0.64507145
1843,acts,-0.2942213,-1.2819796
1844,regulating,-0.17195614,-1.0983975
1845,functioning,-0.4099664,-0.71054924
1846,educational,-0.68346614,-0.14592203
1847,specify,-0.6978947,0.3462431
1848,obligations.,-0.4734443,0.07143796
1849,sufficient,-3.4845972,2.9018834
1850,"stage,",-1.823264,0.70058113
1851,immediate,-2.1392088,0.27550617
1852,corrective,-1.822595,0.0036023313
1853,actions,-1.4236366,-0.25569296
1854,destroying,-1.5415689,-1.3363143
1855,forms,-1.7252655,-2.2166717
1856,organising,-1.4580973,-2.3990364
1857,Decision,0.94129777,3.6292036
1858,Polish.,0.05717702,0.45718983
1859,Danish,3.5574925,-2.5057068
1860,stating,1.4974376,0.2776912
1861,permissible,1.1310492,-0.06170854
1862,unnamed,-0.76473397,1.0938424
1863,process,-0.8859358,0.8186748
1864,fingerprint,-0.8883283,0.65114504
1865,uniquely,-0.11564757,-0.3986017
1866,identifying,-2.3671947,-2.8197951
1867,Council.,0.6004503,-1.3447034
1868,trade,0.10451847,5.1458387
1869,union,1.5448012,4.7528596
1870,complained,1.8474305,3.0916212
1871,fingerprints,-1.9570789,0.5576736
1872,view,-3.4118087,1.4260705
1873,unambiguously,-3.0461354,-0.43013987
1874,approaching,-0.44629422,-2.7468526
1875,leaving,-0.46999952,-2.461559
1876,workplace.,-0.32902712,-1.6433669
1877,council,0.019443179,2.4304154
1878,believe,-1.9982427,2.5148604
1879,competent,-3.236901,0.5677185
1880,"issue,",-2.1141713,-1.3245872
1881,matter,-0.9240412,-1.7744577
1882,covered,-0.24403419,-1.7655134
1883,Employers',1.7689409,-1.8175323
1884,Confederation,5.896881,-1.06115
1885,Union,4.215453,0.070706666
1886,DA/LO,4.627768,0.7771556
1887,Agreement'),4.7209725,1.4994087
1888,"measures,",3.1885595,2.6748962
1889,so,1.9833747,4.666138
1890,member,2.0598376,3.9481127
1891,believed,1.2359761,4.073361
1892,forum.,0.14320165,0.89413023
1893,notified,-0.42562068,0.19364545
1894,main,-2.0654306,2.2480998
1895,agreement,1.2126577,-0.065676615
1896,Agreement.,1.7082938,0.267677
1897,justified,1.3137062,1.88755
1898,grounds,0.8416676,1.3975971
1899,crucial,0.7086265,0.693248
1900,food,0.6655327,0.22946347
1901,"safety,",0.5916295,0.24424827
1902,export,-0.2580617,1.6700292
1903,"opportunities,",-0.5291025,2.0513034
1904,unauthorised,-1.3198041,1.9747097
1905,gain,-1.7880985,0.50117916
1906,production,-2.7301483,0.5925544
1907,site,-1.4857843,0.17356184
1908,participated,-1.5864599,1.0174202
1909,product.,-0.57528245,0.8426989
1910,key,-2.8320482,1.2958255
1911,tags,-2.539733,2.8697174
1912,scan,-2.593016,2.288143
1913,assurance,-1.7719363,1.5953562
1914,"production,",-0.7867242,-0.04689965
1915,theft,-0.8880289,-0.658388
1916,replacement,0.079748735,0.3309838
1917,"tags,",0.56794727,0.46703908
1918,incorrectly,0.8347921,0.44308186
1919,intentionally.,1.0388885,0.38737917
1920,store,-2.4975934,0.95228374
1921,images,-1.1432513,1.4232816
1922,individual's,-1.2141758,1.3586342
1923,"fingerprint,",-0.8598383,1.3969768
1924,unique,0.20516406,1.5153725
1925,template,0.45213822,1.5532275
1926,fingerprint.,0.92760307,1.1310827
1927,scanner,1.3519737,1.2761096
1928,designed,0.94911313,2.393183
1929,"scanner,",0.11386641,2.9469452
1930,fall,-0.8586659,2.7131999
1931,"hands,",-2.638638,0.41031322
1932,copy,-2.454503,-1.7988672
1933,associated,-1.282674,-1.6604245
1934,"database,",-0.42506763,-1.3530648
1935,server,-0.0073874085,1.5896902
1936,group's,0.020844584,0.67579746
1937,head,-0.27276525,2.0009575
1938,office,-0.6710663,1.9439442
1939,department's,-0.8100806,0.8702255
1940,via,-1.841566,0.6424928
1941,separate,-3.6582086,-0.11600684
1942,coding,-1.1556042,0.9349309
1943,system.,-0.41607508,0.76795936
1944,non-employees,-0.26597348,0.61954665
1945,"PCs,",-0.9866464,0.76407075
1946,few,-1.6572542,0.6897109
1947,work-related,-2.5658987,0.021983046
1948,"this,",-1.4536092,0.08803298
1949,department,-0.0020593712,-0.67182565
1950,payroll,0.5343048,-0.06288278
1951,office.,0.7868512,0.010349048
1952,After,0.34118795,2.051274
1953,overall,0.028729318,2.970146
1954,"review,",-0.35220575,3.480629
1955,found,-1.0511777,5.3991194
1956,overriding,-2.8105094,-0.8521401
1957,therefore,-3.5153425,0.32277995
1958,Section,3.05334,-2.8019252
1959,12(1),3.0921376,-2.8894727
1960,502,3.1679487,-3.1598113
1961,Supplementary,2.4361382,-1.6660628
1962,Provisions,2.0967586,-1.5134547
1963,Natural,1.0660182,-2.6537967
1964,Persons,1.236296,-3.2934854
1965,Regard,1.2002255,-3.6057708
1966,Processing,1.4480631,-3.4877458
1967,Free,3.1189167,-2.9863055
1968,Movement,3.3640516,-2.7448347
1969,Such,3.0699477,-2.1010087
1970,Data.,2.4439774,-1.4597406
1971,DanishThe,2.4653146,0.7671422
1972,Chamber,4.540444,2.4149196
1973,Deputies,2.6610928,0.7546107
1974,Opinion'),4.5318604,0.38933828
1975,"Deputy,",4.7095556,-0.38628417
1976,Damião,4.6039596,-0.94649875
1977,"Feliciano,",4.7640767,-1.6706189
1978,Provisional,5.9407516,-1.7857156
1979,Measure,4.3936157,-1.952537
1980,959,3.6431289,-1.8705803
1981,April,3.03114,-1.1564524
1982,"Measure'),",2.1326842,1.5237094
1983,"proposing,",2.0949934,1.7342032
1984,effect,0.08050118,0.48361385
1985,maintained,0.39759797,-0.4617517
1986,originally,0.51996994,-0.5376627
1987,provided.,0.3415626,-0.25377533
1988,still,-1.395841,-0.8160459
1989,pending,1.3512504,-0.3728436
1990,Brazil.,0.51950234,-0.36437038
1991,"Opinion,",0.37478107,0.39611503
1992,Ukrainian,1.973991,-0.4856789
1993,Parliamentary,2.4179275,-0.62348837
1994,Human,5.330564,-2.2493324
1995,Rights,2.7709565,-3.1009445
1996,clarifying,0.2186616,1.1988329
1997,lawyer's,-0.61766195,1.6855817
1998,client.,-0.48501164,-0.75415957
1999,"health,",-1.6793977,-0.32131574
2000,meet,-2.69475,-0.59443676
2001,2010,0.9881465,-0.7688283
2002,2297-VI,0.65911114,-0.6101596
2003,amended).,0.097617015,-0.0023104595
2004,lawyer,-0.20257328,-0.36107835
2005,emphasising,-0.9980518,1.2597679
2006,onus,-1.0195111,0.74388003
2007,"lawyer,",-0.837723,-1.5861598
2008,proper,-2.951749,-0.701031
2009,access.,-1.0939425,-0.13581479
2010,"Ukrainian,",0.5995142,0.54187346
2011,Centre,1.6652808,0.5843435
2012,('NCSC'),1.2987467,0.6174438
2013,cyber,-0.11696027,1.0087436
2014,Guidance').,1.3041712,0.23473622
2015,seven,0.011807266,4.3314247
2016,asking,-1.9947351,1.2050476
2017,considering,-0.9829711,0.64412785
2018,purchasing,-2.45804,2.0628922
2019,"insurance,",-0.3077391,1.0271858
2020,defences,-1.6773778,2.0404744
2021,"place,",-3.2715557,2.27295
2022,might,-1.4294082,-0.62551713
2023,providing,-1.2403337,-1.5661755
2024,understand,0.16471544,-0.6432606
2025,impacts,0.6338615,0.14136422
2026,incident.,1.1524373,0.6067373
2027,Intelligence,2.27248,-0.052299336
2028,Unit,2.1748066,0.07372906
2029,('FIU'),2.3571088,-0.005117098
2030,31,3.6175838,0.16581766
2031,annual,2.4770257,1.3735973
2032,Annual,0.53481525,5.3642716
2033,"addresses,",1.0370815,1.2184033
2034,digitalisation,-0.14118181,1.7145813
2035,analytic,-0.14718956,0.28724754
2036,plans,0.5636382,0.48101485
2037,('ML'),2.0706658,1.0185004
2038,schemes.,1.6225448,0.82245433
2039,protecting,-2.7982824,1.0222511
2040,created,-2.375465,0.45151308
2041,FIU,-3.9156246,2.5599358
2042,during,-2.917988,0.8198588
2043,"specialist,",-2.129454,0.43673414
2044,register,-1.3589534,-0.40618196
2045,implemented,-0.71753526,2.398137
2046,strategic,-1.7866433,3.3413043
2047,analyses,-0.21689378,2.150945
2048,"to,",0.011446417,1.2544229
2049,ML,0.6645369,1.666673
2050,virtual,1.3502421,0.9618121
2051,"currencies,",0.96759653,0.82784134
2052,professional,-0.20950003,0.030863594
2053,priorities,-1.0730008,1.6526494
2054,detection,-0.82993436,0.73238635
2055,large-scale,-0.3048634,0.82717884
2056,"schemes,",0.41988963,0.68524605
2057,freezing,0.95396507,0.33045596
2058,"proceeds,",1.305704,0.42620483
2059,drafting,0.9388922,0.36062896
2060,materials,0.8587689,0.3528441
2061,facilitate,0.28465435,1.4337488
2062,pre-trial,0.6843116,0.37667805
2063,investigation.,0.7415423,0.482324
2064,Singapore's,2.4694095,0.80560756
2065,Minister,4.475071,1.7504283
2066,"Industry,",2.831135,0.71429574
2067,Chan,2.882882,0.6508233
2068,Chun,2.8564932,0.6298153
2069,"Sing,",2.8418665,0.80431134
2070,"Trade,",2.2607574,1.8674287
2071,Tourism,1.9190978,2.2089174
2072,"Investment,",1.699887,2.3901238
2073,Simon,1.6429253,2.2861998
2074,"Birmingham,",1.5432962,1.9462075
2075,signed,1.2554401,1.5585719
2076,Singapore-Australia,1.2413975,1.411647
2077,Agreement,0.7639793,-0.74101764
2078,('SADEA').,1.6089823,-0.14804766
2079,SADEA,1.6064757,1.0897125
2080,trusted,0.30465987,-1.4919392
2081,flows,-0.8736013,-2.5941494
2082,avoiding,-1.3336632,-2.234347
2083,"localisation,",-1.7086754,-0.82601744
2084,businesses',-0.6194165,0.2351106
2085,proprietary,-0.49346578,0.22583516
2086,Sing,0.7239254,1.1862774
2087,'the,0.83871937,-2.4610534
2088,easier,1.2867264,1.0657058
2089,more,1.5304909,1.0292501
2090,cost-effective,1.4317698,0.86742866
2091,engage,0.7499268,0.25948817
2092,Australia.,0.035450086,0.1350972
2093,forces,0.15348941,0.8702799
2094,ways,-0.44759268,-0.45606038
2095,reach,-0.68184984,-0.609184
2096,adapt,-0.5982571,-0.8674512
2097,way,-1.7731885,0.5451547
2098,doing,0.48521185,-0.5072697
2099,"business,",0.7800308,-0.0825557
2100,agreements,1.3089616,0.39670342
2101,like,1.7612692,0.87608856
2102,our,0.7544783,1.062386
2103,digital,-1.7141781,-1.1063757
2104,economy,1.5434636,-0.79419655
2105,tap,1.8471291,-0.92439234
2106,create,1.6367888,-1.5076436
2107,services.',0.5014999,-0.6054614
2108,proceedings,1.2473261,0.973881
2109,"PS/00009/2020,",1.4017131,1.2003742
2110,Vodafone,0.47296754,2.5602846
2111,"España,",1.1621482,0.94704705
2112,SAU,1.1475481,0.26953435
2113,"€60,000",1.6240423,-0.11988585
2114,claimant,-0.38386905,2.1432576
2115,message,-0.3983197,1.6002651
2116,España,0.23461802,2.1062002
2117,thanking,0.35428795,1.2599025
2118,them,0.095899746,1.6762595
2119,purchase,-1.2860844,1.5817897
2120,recognise,-1.490136,1.4931794
2121,customer.,-0.7450213,-0.10415252
2122,"Futhermore,",-0.6014578,0.34132928
2123,claimants,-1.5122974,0.3413687
2124,banking,-1.3836665,0.44445816
2125,obtain,-4.1204677,0.61405814
2126,prepaid,-0.115495585,0.8401493
2127,Lycamobile,0.20880711,0.7810395
2128,cards.,0.4835909,0.7962239
2129,voluntary,-0.4523879,1.181446
2130,"payment,",-0.5793053,1.1408248
2131,"€48,000.",-0.42290986,0.6576132
2132,in-depth,0.3905948,2.167155
2133,Google,-3.4144776,2.016366
2134,LLC's,0.23459153,1.3749143
2135,proposed,1.7213659,3.3262115
2136,acquisition,-0.0022273285,0.72036105
2137,Fitbit,2.4590065,0.41420773
2138,transaction,-0.10240386,4.1023207
2139,Google's,-2.9220214,1.333412
2140,market,-1.055726,1.1286299
2141,position,-1.1047893,0.49968114
2142,online,-4.3807883,0.22779839
2143,markets,-1.4001849,-0.5634552
2144,increasing,-2.1532526,-0.8518254
2145,personalisation,-0.8211297,0.07215861
2146,ads,-0.23881471,0.30446425
2147,displays.,0.31410816,0.563901
2148,afforded,-0.9951353,1.8462563
2149,increase,-1.1593204,1.5776448
2150,barriers,-1.5421246,1.2016562
2151,expansion,-1.8064742,0.37047887
2152,competitors,-1.3357317,0.3359462
2153,market.,-0.24629523,0.2852051
2154,90,1.2405589,1.7959237
2155,days,1.2365712,1.725426
2156,9,1.0530416,1.3142825
2157,decision.,-0.027313633,0.657496
2158,Access,2.7392156,-1.1593688
2159,('INAI'),3.3740325,-0.1828817
2160,25,1.188195,1.5865945
2161,creation,1.7009224,1.179028
2162,Working,2.0817766,0.47818622
2163,Group,2.1444182,1.7386558
2164,Intersecretary,2.8355737,-0.5300971
2165,"Group'),",3.2278209,-1.8843155
2166,convened,3.0482354,-1.987862
2167,Economy.,1.5242112,-1.5005276
2168,follow,1.7738003,1.233729
2169,up,-0.1993524,2.3802576
2170,commitments,1.6239231,0.48785877
2171,Chapter,0.90923494,-0.57392496
2172,19,0.7529988,-0.74589795
2173,Mexico,0.07466736,-1.2070731
2174,Canada,0.38192883,0.3871529
2175,entered,0.60029817,-0.1919157
2176,INAI,-0.71328926,1.4432888
2177,discussed,0.110743344,1.40624
2178,factor,-1.3012853,-0.50064975
2179,development,-0.32551226,-1.3888719
2180,commerce.,-0.07244478,-0.26310742
2181,competitiveness,1.1080586,1.175349
2182,boost,1.0833935,0.93674356
2183,Ombudsman,4.34449,-2.7004051
2184,Ombudsman'),4.013354,-1.449883
2185,05,3.723006,0.31029293
2186,Sanctions,4.7284884,2.276837
2187,"Chamber'),",2.500112,-0.09763827
2188,Independent,1.1907175,2.7100513
2189,Consulting,3.4459372,3.4342961
2190,Oy,2.0273736,2.4862688
2191,(Acc,2.423953,2.2009926
2192,Varsinais-Suomi),2.565091,0.76277244
2193,"€7,000",2.5030918,0.2915811
2194,electronic,-0.14328142,0.176481
2195,messages,-1.7221962,-1.3084233
2196,non-compliance,-2.2695875,-2.2568424
2197,subject,-2.3811731,-3.9977658
2198,rights.,-1.7634271,-0.9530053
2199,11,1.6803218,0.20613468
2200,non-exercise,-0.60222995,-2.269122
2201,rights,-8.127227,-4.1877646
2202,rely,0.46621567,2.3380322
2203,defence,-0.0326417,1.9713731
2204,targeted,0.15966092,1.4600854
2205,entities,-1.5823932,-1.337704
2206,"(917/2014),",0.8922319,-0.0727022
2207,"considering,",-0.79864615,0.10178507
2208,recipient's,1.1641879,0.8158067
2209,job.,0.93614954,0.6773961
2210,concerned,-4.072475,-0.14089121
2211,fact,-1.7997942,1.075872
2212,responded,-2.2193568,-0.84047997
2213,delay,-1.3869121,-0.41766623
2214,month,1.3911934,0.5630828
2215,receipt,1.5333803,0.7292157
2216,request.,1.272887,1.4555947
2217,appear,-1.797596,2.5607994
2218,organised,-2.190475,1.5540086
2219,exercised,-1.8758591,-0.56937134
2220,unable,-1.6060052,1.3204215
2221,demonstrate,-1.609103,1.4716959
2222,lawfully.,-1.0950987,1.0527424
2223,Deputy,2.3397777,-0.45055693
2224,obliges,0.36493734,-0.6281655
2225,rectify,-0.9599488,-0.34079266
2226,conduct,-1.6048211,0.46939653
2227,regard,-0.9706862,0.9028393
2228,ordered,0.02138287,1.1158661
2229,exercise,-3.114932,-0.988226
2230,subject's,-1.4242373,-0.926719
2231,Finnish.,0.00021693914,0.4307914
2232,Internal,2.7287722,-0.9597998
2233,('DIA'),2.504956,-0.48711082
2234,Identity,2.3726149,0.10089862
2235,Trust,2.0076802,0.21172523
2236,Framework,-1.1319045,0.6520949
2237,Framework'),1.7706867,0.15380026
2238,legislation.,0.19066873,0.09135255
2239,DIA,0.7984936,2.6152043
2240,"framework,",0.19477327,1.340156
2241,tested,-1.1142585,-1.5405991
2242,legislation,-0.84103614,0.31216505
2243,drafted.,0.43034554,0.27569383
2244,accredited,-1.1369,1.2193208
2245,"rules,",-0.20310882,0.73057884
2246,"security,",0.31924906,-1.1007999
2247,"privacy-enhancing,",0.1841684,-1.1250563
2248,interoperable,-0.12353186,-0.9258731
2249,approaches,0.0019670099,-0.58250743
2250,scheduled,2.093381,0.1784316
2251,introduced,-0.35838827,1.1650047
2252,2021.,-0.20097938,0.33980274
2253,28,0.99943167,0.24111709
2254,impose,1.0932846,0.7675789
2255,"€250,000",0.9921013,0.6435886
2256,Spartoo,-0.99215215,3.283874
2257,SAS,2.396707,-0.28036413
2258,multiple,2.2315037,-1.2478274
2259,provisions,1.458694,-1.0729014
2260,breached,0.41105616,0.41776326
2261,5(1)(c),-1.6433281,-1.8765714
2262,"GDPR,",-3.1857624,-4.284784
2263,retained,-1.5557716,-0.97724926
2264,longer,-1.6202824,-0.6217316
2265,5(1)(e),-1.8911834,-2.3680494
2266,abide,-1.4024079,-1.6138613
2267,inform,-0.56193286,-2.38237
2268,32,-0.9171195,-2.5285125
2269,fraud,-2.711058,-1.0102848
2270,"prevention,",-1.7364563,-2.3930109
2271,telephone,-0.51432806,-1.8541604
2272,"details,",-0.9350365,-0.9382423
2273,customers',-3.2207186,-0.8805599
2274,cards,-1.2685575,-0.01600478
2275,excessive,-1.4317853,0.56279284
2276,"and,",-2.6715107,-0.09352286
2277,minimisation.,-0.8636186,0.26351234
2278,prospect,-1.7554094,0.6801256
2279,erase,-0.9792887,1.1431465
2280,archive,-1.0147377,1.1277723
2281,"retaining,",-1.0374054,1.1378437
2282,exceeding,-1.5218481,0.95468533
2283,five,-1.5776474,0.75354946
2284,names,-1.7594116,0.59170765
2285,non-anonymised,-0.9524704,0.47558734
2286,form,-0.72690374,0.10533252
2287,re-use,-0.17640863,-0.69852227
2288,contradicted,-0.32770815,-1.2772007
2289,misinformed,-2.1945963,-1.0483309
2290,bases,-2.6715453,-0.7562584
2291,behind,-0.879041,-1.3944993
2292,recipients,-2.7931921,-3.323505
2293,"rights,",-0.8552702,0.06785045
2294,GPDR.,0.6387457,-1.3677675
2295,strong,-2.1268456,1.385371
2296,"Therefore,",-0.32542416,0.2289144
2297,"CNIL,",-0.40318486,-0.010995488
2298,clients,0.66214615,0.8098235
2299,prospects,-0.016018568,0.5925157
2300,imposed,0.2729643,-0.24854092
2301,asked,1.2269547,2.8952491
2302,conformity,-0.6456745,0.48853326
2303,months,0.17268847,-1.4518002
2304,notification,1.3990244,-0.22178109
2305,Decision.,0.26572204,-1.293342
2306,Walgreens,-0.64272505,1.0282702
2307,Co.,2.1799526,0.49056396
2308,"notified,",2.3513389,0.27454305
2309,Services',2.718944,-1.3748236
2310,Civil,1.1551428,-2.1130311
2311,('OCR'),0.26899898,-2.0862303
2312,incident,-0.42208272,-1.2794639
2313,"72,143",-0.65162086,-1.0547075
2314,victims.,0.23743074,-0.47259736
2315,Notification,2.2823691,0.97645986
2316,"General,",2.99152,-0.9998706
2317,15,2.7858152,2.0881464
2318,error,0.70871276,2.294569
2319,discovered,1.37439,2.3195152
2320,feature.,0.107733384,1.067713
2321,An,-0.146511,1.3610172
2322,viewable,-1.0153939,0.0022459899
2323,app.,-0.34761658,0.52501714
2324,states,-0.37454888,2.096014
2325,determined,-0.86165345,1.6499097
2326,viewed,-1.0306734,-0.15964177
2327,last,-0.08067428,-0.3677104
2328,prescription,0.1322699,0.10153088
2329,drug,0.2815294,0.40125185
2330,"name,",0.33030903,0.5196146
2331,number.,0.053832244,0.7388069
2332,OCR,1.1007972,0.07718085
2333,undertaking,0.9841635,1.4946364
2334,inquiry,0.75293046,1.2926743
2335,distribution,-0.41139063,-0.12774764
2336,"Health,",-0.5133446,-0.19624087
2337,recent,-0.21403421,-0.11979506
2338,breach.,-0.13043968,0.886004
2339,publicly,0.4774803,1.4504566
2340,findings,1.2149819,1.5208106
2341,early,0.6382953,1.1584128
2342,September.,0.47538584,0.8235782
2343,Agency,1.1018125,-1.0382012
2344,Bosnia,1.8154055,-0.5174252
2345,Herzegovina,1.5711983,-0.23058632
2346,('AZLP'),2.0543716,-0.25704834
2347,Report').,0.8617769,0.6297094
2348,49/06,0.7024442,-1.5429343
2349,(‘GDPR’).,0.42276767,0.53544
2350,AZLP,0.71290505,3.182162
2351,completed,-1.0139475,2.5917666
2352,16,-0.9616521,2.0150886
2353,"investigations,",-1.3532579,1.4340775
2354,133,-1.095434,0.30403432
2355,"complaints,",-0.5775692,-0.030373171
2356,94,-0.27279958,0.25321436
2357,"resolved,",-0.1077588,0.24660794
2358,misdemeanour,-0.09117945,0.2189364
2359,"warrants,",0.0093307365,0.27373436
2360,audit,-0.51938903,-0.34609726
2361,inspections.,-0.34459057,-0.12765689
2362,matters,1.7270768,1.3938528
2363,video,1.3405057,1.230063
2364,"surveillance,",0.55373687,0.8635638
2365,"marketing,",-0.5529012,-0.094524324
2366,"transfers,",-2.4146116,-0.6585563
2367,837,-1.2931262,0.5661612
2368,"register,",-1.467365,0.6954818
2369,records,-1.4578491,0.063246414
2370,basic,-1.8888949,-0.38738167
2371,"activities,",-1.4798362,0.12155971
2372,4438,-1.6735737,0.65674454
2373,collections,-1.4099866,0.41383755
2374,entered.,-1.0683432,0.6647405
2375,"Report,",0.3474455,0.24896401
2376,"Bosnian,",0.4402952,0.32675263
2377,('PIPC'),3.1544836,0.7806902
2378,"inaugurated,",3.1062443,0.8298973
2379,"chairperson,",2.3633099,0.70998734
2380,Yoon,2.6914797,1.0225382
2381,"Jong-in,",1.7970188,-0.2938968
2382,"(collectively,",0.86121273,-2.3879626
2383,Act'),1.5474464,-1.5835893
2384,2011,1.8306211,-1.407238
2385,"('PIPA'),",2.120879,-1.6955163
2386,Promotion,1.476725,-1.4720485
2387,Network,1.4002182,-1.5933412
2388,Utilization,1.4208206,-1.7706555
2389,2001,2.139757,-1.8798367
2390,"('ICNA'),",1.7915215,-1.8856264
2391,2008,3.0210223,-1.4522517
2392,Act').,2.7960744,-0.25060096
2393,Jong-in,1.1956353,1.659718
2394,expressed,0.85321134,1.7895657
2395,his,0.44925442,1.7973428
2396,speech,0.408505,1.5756018
2397,PIPC,-0.43845066,2.541986
2398,focus,0.19975613,0.7887172
2399,"values,",-0.28724492,-0.13227685
2400,"innovation,",-0.5125268,-0.09184991
2401,"professionalism,",-0.68587196,-0.35953546
2402,appointed,-0.030861547,2.2079616
2403,non-executives,0.10595917,2.1640983
2404,committee,0.14622432,1.332872
2405,integrated,0.1164344,0.40782812
2406,supervision,0.12349924,0.1070432
2407,('OPC'),1.2336063,0.5178625
2408,Findings'),0.8532505,0.5079363
2409,complaint,1.1407473,3.8404732
2410,TD,-4.6253705,1.9932331
2411,Trusts',0.8953007,0.17101479
2412,outsource,0.79746306,1.676223
2413,claims,-1.4748964,-0.1755641
2414,third-party,-2.6270876,0.44056717
2415,provider.,-0.00922339,-0.019009853
2416,Findings,0.77675515,4.929594
2417,note,1.4205059,2.6079996
2418,TD's,0.4616722,2.4232883
2419,provider,-3.2852848,0.6995717
2420,India,-1.2318853,1.1387652
2421,"for,",-1.4955115,0.5617625
2422,opt-out,-1.9575084,-1.0392934
2423,transfer,-1.0676167,-0.58872914
2424,jurisdiction.,-0.34990466,0.44201973
2425,outline,0.12982328,2.2667837
2426,choice,-0.6233561,-1.0538652
2427,highlight,0.45088324,1.4500699
2428,sufficiently,-0.3178293,1.1777059
2429,open,-0.59386516,1.048605
2430,"transfer,",-1.5803678,-0.0732367
2431,pertaining,-1.8720119,-0.8537009
2432,"resources,",-1.6134886,1.387364
2433,accountable,-1.9766557,-0.078480296
2434,respect,-2.163887,0.08234704
2435,transferred,-1.2449622,0.3180128
2436,ensured,-0.91141117,0.19563265
2437,comparable,-0.29735655,0.32926804
2438,level,0.055211056,0.21707246
2439,conclude,0.5384373,2.251931
2440,well-founded,-0.66697997,1.8552129
2441,met,-1.2988193,1.1740835
2442,Canada's,-1.3883877,0.30279446
2443,Nations,0.96248746,-1.1494863
2444,High,1.5471265,-0.33260828
2445,Special,3.2282262,1.3334283
2446,Rapporteur,2.9424837,1.1260372
2447,Right,3.4396508,-0.6987571
2448,call,0.79017794,0.032652646
2449,contributions,0.3508975,0.15596268
2450,examining,0.103075415,0.29750934
2451,children,-3.8069904,-1.7381163
2452,interacts,-1.606153,0.40214798
2453,interests,-2.1281192,0.22602876
2454,actors,-1.8579745,-0.33652303
2455,child,-1.58589,-0.10970369
2456,develops,-1.53951,-0.07545365
2457,capacity,-1.2456928,-0.023403836
2458,autonomy.,-0.65852416,0.060466774
2459,submissions,0.7661341,1.09383
2460,relate,-0.40698683,0.56661236
2461,autonomy,-2.6240005,-2.2181869
2462,"areas,",-1.952092,-0.751222
2463,offline,-1.469186,1.0221403
2464,"social,",-0.9577238,0.98858726
2465,"recreational,",-0.9223408,0.8376195
2466,"educational,",-0.48487666,0.6559715
2467,"justice,",-0.3711835,0.6526889
2468,"spheres,",0.057772666,0.38615313
2469,strengths,-0.14009249,0.270718
2470,'age-based',-1.0655326,0.08607435
2471,'age-verification',-1.513132,0.25105846
2472,governmental,-1.7266839,0.120105036
2473,"structures,",-1.0691628,-0.1297264
2474,"arrangements,",-1.4363819,-0.43121552
2475,child.,-1.1295731,-0.3194779
2476,Contributions,0.11355447,0.30079755
2477,Communication,1.4396766,-1.4953572
2478,('Kominfo'),1.30369,-0.2949869
2479,platform,0.37180284,0.8487146
2480,KreditPlus,-2.128848,1.2320182
2481,clarification,-1.104397,0.49248964
2482,response,-1.8556722,1.8010973
2483,resulted,-1.5562027,1.3046263
2484,leaks.,-1.0939369,0.49028102
2485,Kominfo,0.57019985,2.0544958
2486,Governmental,-0.89071053,-2.47916
2487,71,0.042343713,-2.753401
2488,Implementation,0.61397535,-2.706299
2489,Systems,0.51832175,-1.2622751
2490,"Transactions,",0.40184537,-1.0436487
2491,maintain,-1.0332378,-0.5251834
2492,respective,-0.90475416,-1.1044835
2493,"accounts,",-0.52162296,-0.9419606
2494,advised,-0.39586055,-0.66019326
2495,routinely,0.64196277,0.7775876
2496,passwords.,0.2949007,0.7510937
2497,"Indonesian,",0.5677886,0.46529
2498,Center,1.7969115,0.10923044
2499,('EPIC'),1.7408744,0.39070877
2500,Committee'),1.1354369,-0.15400901
2501,Chairman,0.50648826,0.35182595
2502,Roger,0.68468565,0.24334225
2503,Wicker,0.9480507,0.27006707
2504,Ranking,0.88428265,-0.07567053
2505,Member,1.1265393,-0.4579743
2506,Maria,1.2308458,-0.8587815
2507,"Cantwell,",1.4685342,-1.111967
2508,ahead,1.5525178,-1.2282268
2509,Committee's,1.8049895,-1.6687645
2510,oversight,2.1791067,-1.2915299
2511,hearing,4.8504333,-1.7913653
2512,FTC,-0.5686853,2.7598674
2513,function,-1.3993223,2.9217718
2514,agency,-1.3092692,0.33821395
2515,establish,-1.0318598,-0.7733543
2516,independent,-0.33383852,-0.399688
2517,"agency,",-0.4483067,-0.6810011
2518,instead,2.238455,-0.7733532
2519,scheduling,3.0958855,-0.76474744
2520,Bill,0.20162514,-0.5837089
2521,3300,2.488871,-0.59156334
2522,agency.,0.28326002,-0.045794815
2523,points,1.8075632,0.2561293
2524,FTC's,-0.8914164,-0.4990299
2525,mergers,-0.23733065,0.030784477
2526,threaten,0.28992096,-0.23490646
2527,enforce,-3.154166,0.3614663
2528,general,-1.0721921,0.08951027
2529,lacking,0.25797147,-0.7938978
2530,expertise,0.9563242,-0.62042004
2531,FTC.,1.0011744,-0.39100972
2532,Senator,0.8194857,2.1406457
2533,Jeff,1.4651109,1.0411587
2534,Merkley,1.5951046,1.1618085
2535,Bernie,0.105274715,1.5349004
2536,"Sanders,",-0.17935336,1.5811323
2537,bill,0.2218439,0.6397398
2538,Biometric,0.78553843,-0.018749135
2539,Bill').,1.1314409,-0.41193563
2540,written,-0.90649223,0.915854
2541,establishing,-0.11765231,0.058150172
2542,schedule,0.104669675,-0.30863085
2543,guidelines,0.32310617,-0.5988569
2544,destruction,0.8148413,-0.8330544
2545,limitations,0.489013,-0.35279647
2546,"purchase,",-0.0016299067,-0.25766364
2547,person,-1.8541646,-1.4148033
2548,customer's,-2.0590181,-1.12941
2549,obtaining,-1.5317118,-0.45903352
2550,opt-in,-1.419254,-0.20389013
2551,consent.,-0.759039,-0.009241372
2552,mandates,-0.92831534,0.9116443
2553,safeguards,-1.5081282,0.68113905
2554,care,-0.5377265,-1.0542246
2555,possession,0.18338999,-1.200836
2556,know,-0.68896246,-0.513337
2557,aggrieved,-0.72535443,0.19911653
2558,bring,0.2370369,-1.1158932
2559,"court,",-0.18868314,-0.16645531
2560,addition,-0.13845208,-0.66874385
2561,state,-0.07709586,-0.69913656
2562,Attorney's,0.23248449,-0.6885146
2563,ability,0.87819827,-1.0188689
2564,lawsuit,1.0183434,-1.3360286
2565,states.,0.5616523,-0.5122019
2566,Notice'),0.5898188,-0.47964925
2567,('BCRs').,0.5276766,-0.098590404
2568,falls,-0.7138808,-0.60057324
2569,duties,-1.6077754,0.03096477
2570,"authority,",-1.5453979,0.4386017
2571,categories,-2.154219,-0.65964335
2572,managing,-1.5697315,-0.351648
2573,"BCRs,",-1.3511076,-0.092471376
2574,mandatory,-0.9250886,0.51563436
2575,identification,-0.3944419,0.06028239
2576,making,-0.88089246,-0.7152081
2577,"request,",-2.1265182,-0.25365144
2578,name,-0.6333734,-1.107401
2579,organisation.,-0.43368858,-0.93741184
2580,"recipients,",-0.43266115,1.72978
2581,outside,-0.6665183,-1.0043807
2582,"controllers,",-1.2241256,-1.0733675
2583,"sub-processors,",-1.0263906,-1.0784984
2584,files.,0.3430242,-0.07428964
2585,kept,-0.5155166,1.7280713
2586,years,-0.21379776,1.8648558
2587,"Notice,",0.23012714,0.31459638
2588,"French,",0.4491815,0.44205177
